user_id,name
FmwWPEQMcxCGI5K1yqAXaA,Todd
UdB3ftY6GFXWGboQyEjQ0w,Ron
X8_Nxhasrv5XEszJ8YdKrQ,Gabby
hc4D2WkjKG8mk1C9e0fsQQ,Jase
Btu7SghVFMyNltLtPL3R2A,Felipe
94eXLin97RdpM5GNY0tbMQ,Ralph
8NoHugWBFhSfF_9UnbQOZg,Judy
VVsuTB3VNL9j-8PEp7s6EA,Boku
DDuSP4M0ORg8nsvWfs9kSg,Jennifer
EyG-E9vDZiiaId4ShOBMhQ,Stay
BKP-vxzZEk6NIyb3a36PCg,Brian
ri0xJJElIs47Tm1xvn1dOA,Guy
C5FJY-mC3oB1jFJuupDlmg,Brian
6phsGfhy7kP_UTcLf4Z33Q,Kelly
5kJYTUtFUJT24dWNs6eW8w,Ron
VASqLJfO-m6zOiHDJ-etlQ,Heather
8fuiGfbRNCkzo1OuZn6QZg,Justin
UCQNrwN4_hHHTWYa8cqe_Q,Edward
OAd-vbR_POac1zHtu-Y2Zg,Samantha
Pzjif84FfVVjrkFtrO4eZQ,tiffany
qe-GkWlhshtFslwpD_FLWA,Meredith
KMplxDK7d5FTD_5YbCUkIQ,Candace
qDqInt9O6Ctn-Ix7uceK1Q,Jahie
_7RcVFDQOfrOMZR0h1Bhtw,Chris
HoBSINNAg3dMOAyBAJqVdg,jose
6WrOT1dj6sigl_voiwQ7HA,Nathan
8D408fDn0twwIW6FZ42YWg,Kathy
Fvr8RmAQ4z1E7Ca1CA8mQA,Rex
Nf_8RYY4dTnvwaz96KMq-w,Beth
wI8bB4HyAIjFj3yb5ZLM1A,Laura
nciaeGaGOaEnLlFL62VF9w,Ling
SNiviNOgjf0cgdYpvPPwpg,Pat
2y9c-J4zARuAN4bqaWKYsw,J
LqgGgWi3FLHBViX9tmZ9sw,Ceci
P2kVk4cIWyK4e4h14RhK-Q,Jim
wLp1fhjib7_wuk1a_xm8Gw,Natalie
7dEsTyxQj7Z2HsckX74BQg,Amy
-8zhUSkiBdIRUfeXM1KM6Q,Carol
gppDDJDET9wHytRKFVqjLg,Marci
F_rHvzF5UCeF8YVkhkETpA,Sue
OIUP77bRiFPIXvkeQv4ejQ,Frank
nd38hRt-JRzkObTMfZrFgw,Bobbi
PcvM36PP4-PD9DatUyFGrQ,Michelle
9eY0M7voV1g_cm4ddI4OCw,Troy
5pYESAEJbPvYpbbjqp3E-w,Joseph
0uA_TVsj7QkZcRrz1lfKsA,Cosmo
CqgZ8mlWb7iOKIj6dgEpyw,Miriam
aRykbM9DrE5tth_Vh2xteQ,Cory
lTdjAwo43QdnTbzIEfB6TA,Sonny
c2izEHQvCz-bb2sR4fTLEg,Paul
ih_sPd96IHDfmK_YaHH7ig,Tim
kuXNIIcBb6CMCaLEp6x9Dg,Mike
IP3nF56J-9NEuW7fq29SQA,Kirsten
86yvLpDqP7d1BFCtzbaAKw,Jen
cKOdOzs-QUBketCkZ3rYxg,Michael
Q-e5Kriu18oFX5orJkoNhA,Amy
1zGcOYTiFxp03Szen7ue4Q,Christopher
wDVEQMS4-u_uSb8vY_2B9A,Josh
xsTlqAQ7TjNFIUl5ihK00g,Cheryl
_-lv9KF48C9wxQYvPwcqqw,Catie
Fom7a69pj0f6RG3osmHWCw,Kelly
YwISM44nNmOSeXdsL-qZYw,Nico
WcaCciN1LiMo4EP17tQUNQ,torroid
2h0A-NirfNl2p2SquFWYHQ,Annette
4SNopyWis_hdfoOJQ4WXRQ,Frank
4Z4Bv3gEMbEmncLDDcrB4w,Brad
N-D-d1Z4UybdlkK1HxlNPA,Kerstin
VD101SO18FEaE0vM7x4iEQ,John
I1qI_6Ml3OnvsdR47XrPFQ,Art
qlymipfFnm9Fk4rQeTUexw,Danielle
FGUoV_dg_mDFfQDgot0ygg,David
3ARz1gExFYzKyPxwUQuK5Q,Vlad
q5nFaw9isjD_01PpVAR7hg,Mike
R0J0Nm1H8zAfSSJzgekWPg,Tony
iUJAeNJyM9o60oDL-Ne9tw,Erin
GAClurgEn9nmvYOuBrLfng,Duke
1mal-cvLhyX8iGEt56_5Dw,Anne
4ozupHULqGyO42s3zNUzOQ,Lindsey
Fno8YF3k_Hm1Wyd-pxplHg,BRUCE
Hghe8PCy6fRHHiAox6N-Og,Brian
WSDgkRSw6wcI5wJBv_ot8Q,Zachary
yP5OE7_DhRfiRGX_ttUZNQ,Susan
J3QHG6J3PYqWsPm0NOE7cw,Don
OSDR_W4vE3e2-kFvrlrknw,Veronica
w2c2S2w71H7bNA4FpfhryQ,R
7UL5bl9z9qUfzJCPk0eLqg,Lindsay
-0wUMy3vgInUD4S6KJInnw,Jojo
8nEL3mYsjEWa2V76nZ-2xg,Julie
yoQAZWDdBW3kQH7geFEoWA,Traclyn
eiA073MhHpCdwBq8u_luZA,Daniel
qrh6S_JXkZQjMeCIDVFYcA,Mayzy
KwUOJ2v_2SNZonrdLw1gLg,Shannon
XgIhw-aWaq_Fx3ZVQGjnuA,Tony
roKHu0Rleh-U0Du16EPUQg,Elisabeth
GBS90fbErZP7-3HdMaE4oQ,Jonathan
0y9qZZLauQ3sPp-G-NcE7Q,Rachel
eryLfrk7fabe8G1HPBkNAg,Chris
MnDHJvePh4cWMrBgOp0_Ig,Preston
qCG-3flB7ShydUTZ_U5Zqw,Jenna
DxKyg39cKdgJUIXDHLMH6g,Abbee
Nzamz8RqtTLJ4BXAOY8t2g,Gary
osCrSUbNEfK_SuUS2Hm-VA,Chuck
Vi77s0AS-cIzPoBq5AbEaQ,Andrea
2hXL2ExBsgjJNpm6BJy0lg,Britt
CQXx3nYDJEV7gozUrm9m_g,Joey
AoH425ok27ALT6jL-EoxwQ,Abhi
_Lz4b5QL0K8ndeyz2vxslA,Cindy
lPaYMDmJbAnv_3pmZH_inw,Alexander
RmLQYvUavvqlCP97O_CQJQ,Sara
ugiAsPh9LTa8Fbtbw9HSvA,Robert
KXtKu9o01e2V1wwJyXjXzw,Susan
LusAw6vTDC7KAfbuClMReA,Daniel
iTs6ytEvovRSthP2PrvMAw,Scuba
MlTmIy-eYpPqoudWRGTysg,Mark
g23mS07nhSor-inONmQWSw,Erick
cCeCrVhl7bUQLHn_nAMaTg,Isassy
uwwep9MZtYAUHiQ0Rh0PsA,Cheri
uBp2Jmip2qXQ0iWHUDY9sQ,Brad
L13L0lCzyenqxQIZrdv57w,Double
yCWUdMG5tVPKtI9LM4uv2Q,Arianna
bxdnfgkrl5Pb7tdThwDeWg,Russell
_5NDxrFC8UEe2Wj42kyOkg,Kelly
qDpyIz3ReeR37SmexM1pXw,Yuka
_lmmIZeJTv8roWn8qU3oIQ,Cressida
Upqw9S7apbHHdyzA8ZQ4cg,Kathy
sIImUC2r9cXaYfN0tvpi-Q,Michael
hfQfxzaiC0lx-4N9tfTMsg,Toni
1S7XdhbZWR17Wy4TBsIzaw,Margaret
FCVCyheiHIiFuq7mPJSiYA,Jeff
KbCDV2hjwgh2rQT2aMwjAA,Kristen
3RD504bNEwOmeqImRuVSsw,Barb
Zgh5rBRRu4GosESrovZhzA,Lauren
UscvTBiimQBlZMYlu_0ivQ,Julie
FD92Hf8hOJfE9JHJ5WYlng,Oscar
7zpDhrRZRTGCkAh3SHbEww,Candice
XXZiOkma4VBeZTGhbGdkNA,paula
qmZ-3X6w_mI5fEoVvi-cfg,Charlie
JOu4EKGIVcm6WSShCjBf4Q,Patrick
23zYCcnqfru5jdxnTqjgDg,Myke
IFHMl7VfwKfu6Z5z5L7awg,Aaron
np5in_zl-j20BmJ7a-ZyWA,Nathan
QWUSAHFMf3JD23xWh0StoA,John
i-irTdF9JerNf0hG64EpEg,Eric
WjwcWeZ_RvLqMrYQhdETVg,Ned
wiNj7Ol2IrjQ52HuU__44w,Dave
76r69FhC8WPcx-2y7FfIqg,Marcel
hRdhlyNVtVvcf7oLn2J1Xw,Roxy
sKtmrRvPMn5GRTnHYd41CA,Nijole
ovpr8PnEqxkJ3wBZB7fC6w,Michele
lTR9GsUJ8iJqH6yh-51cmg,Louisa
pNUvXj0UaWEI90FVCkPVQQ,Kyle
RR1QgCgEZee2wZENRDmiNw,Heather
3P8YxDrEdFuzZcnEafVDBA,Jenny
bEd0_FyH-J1EtRpKefHSUg,Elissa
R3cpshoAJgAAvOKqxU6L4A,Allen
YCW92r_ubnb2KpY23VSxIA,Eric
EGiAtB4sgZhDdYpRkDneig,Courtney
dJStlcGN2KtR71ToaZgrUA,Alan
gMqKvkTxZNOtsn8WqKx43Q,Megan
tSUSdP-C-2GXh1ta7vwhRQ,John
ZoiKCnVfSQOAGvRIg_Ykaw,John
Odw_LiD8wHNm4bor4II4Gw,Sara
5-g1HgX9rOCrdyUUzeZmnQ,Leslie
2HmHgW3hRYvXYFmQyQtLuw,Christie
2LQLJQZ-FNbDcbzPlS2s0A,Lowell
NRYsAtM2I2yD6Xx7MDA7SA,Thanh
WRy-_owfzsQ6OmLyhG-VXg,Steven
jtiVcRi42TmBNyht5sq7ug,Eric
OH7IB5YVhs41H7x4dHpuNg,Brad
1EiLg1-mu18wuyhUPAQtWQ,L
WhOiVV0dxtVwaDsxLrY2eA,Iza
bgy9n5smIAcGUINQWK2yIw,Graham
rOwwcXXhugYnbsKrCzo3XA,Karlie
DNQIQS8N3DvlGt0s37f_4w,C
RsLymKgPz0T2g1xQbIjJGw,Chris
AYZY8ivDdpkNKf7uPONddg,Jerry
xs0RaZsCuXqOJv9HMfS55g,Fallon
470dZswdTHz5aaGPvIYNpg,Meredith
34f0JTQ4QrLD2UEr38W2-g,Rand
45C5wK-8OYICyRSWr6gcbA,General
38AnfLl0TKTqmWUhZLkDIg,Izzy
l5U-WVHyd9Eue2h1vBjD0w,Sarah
WAi9SFT7Yse_nYBu_7ORBQ,Jeff
1JqdJd9BGDBIztOQlVjhyg,Leigh
Mx-vxv_V-SQCe76w4RmUfA,scott
pJup8qpfm4Tt-WU_ymLmUg,Mark
FosKQTk5ePihqyHyVEXN1g,Justin
lC0KGXmIhyjzghBUlVnkhQ,Corey
PPHRQVwo9BR_hC-4O_vLTQ,Craig
xAnEE0OvnrKNX0sN3EMw-g,Randy
nzesG552OcQVDYvtdVa09w,Paul
Qp-9pD3NpH2xaDYSN147sw,Juls
8ByRHUdNkoDlf-RHdMhafA,Jim
k5uYxdsanVsMyzqh3rB1Ag,Harold
p30EpRRSyl1WMEczilOFSA,Dick
pnzEg-SYDfksHnCIrvyEvA,Larry
PCcf7EO3FZpkD66IQ-MwIg,Jensie
fhE0VIi91iwh4Un5vGYACQ,Amy
th2B9oqcKUr-FnulGz7nMA,Lisa
394ECIL6M0w8S-nJypi7Kg,Dina
LCtURLSzAPhnOey7SaawYg,John
v35_QzWc6s3dVuS5wzVaeA,Reed
m6zDJvhpBEzH1sUL0H09yA,G
lAVuxP5wCcyCf5IN1pV9Ew,Ana
CPesvomG6DvIcAGR2tXCrA,Adam
t2JrmZXFcg0jB7jLP-rbIQ,Krista
Ra5lsXTCyGXdwwwrHm_q8Q,Steve
e4yTQJElC1LDliGY67mqIg,Brian
SLpN3T12QITWx_turWI6-A,Ira
IrzHAVpjBUSLnnrY5jG2OQ,Heather
fkl2gUem0LM_11b2hMfmRA,Aaron
GVS_cuw1PX0UFY4ryRyOBQ,Eric
0VqLKmLbZkscmCBU6bVR7Q,Yumiko
nCdhv3fHgBrn78w0UO2cgQ,Wolfgang
p1FB2z28hWKYU5dCJJQpIQ,Sioux
p58lm7Ac45QpvFlcBrbT0g,Marie
1eQoYpHw2jN32TmSOrxJCw,Kat
JSyoTMxVU2xpl_jF42KRLw,Gary
CrrZ9I1ruiFUuWIELl9MYA,E.
XRQ72wmm-Rn_E2WQ_qaX6A,Dawn
9k3ByS0R3dBhVBhWeSk_5A,Ben
lC4X2crUuxT9Ac9BlOX4Uw,Natalie
uOhVYTedAc3Pj9Uszlwr7A,Tim
IhLilfNVzCYvAAlBdqJVlQ,Chris
WZwfmfP5X1gDDeL-M9vzZA,Brian
0PcaeCbEUzDigxAkC3pJ9Q,Tony
mA-JeZ5IaTQfKzNAeCYUoQ,Gourmet
BgY9LwHmY8BO_lPI3pNRFQ,Danielle
_EirYEV8TvSfeuSa4U4wVg,Bob
7nXJT84Z4xS9Xv7y1bypDQ,Muriel
hkt-HrnPrfgcDxzhjhNoKQ,Yadwinder
qR7DUzbojrxy3tNelaB7wQ,Josh
Vu_Z0XNy-fjWNrxNm9r_xw,Stephen
mDS8rlDOcgRT3PMHGz3tug,Deb
WdmtUMK0xUZrc5YJcNP9xQ,Belle
fSRMo1gMhj89V_Av3KcCLQ,Jacob
oqy20AAbKISJWSTa_oBJpQ,Jennifer
hPcsZf626Xt0ktbJ41bMRw,Dan
5-HR_blOwshfAGkBQM7XSA,Matt
TWjDnKexHSp0U3UQ3W01Kw,Kyle
i4B6IcGOMn-JLkgNVAEyog,Josh
o3FDn0YCRJpGHMPrpuUUpg,Mike
pLkCwBknZUkJqIdlPswyuQ,Darren
lB2ODTHi2XZY6iVjjuJnqA,Douglas
rY0T1Sx-kSeSHgnPbLOA1g,Karen
IPJTjIzF6T4IGQ0ha933aA,Javier
UwFyrEm3B7WnH67Tq-Tx6g,Huey
_E58nOciWoYudtvHpWoMgA,Amii
eao7reoTv_QYFDZETNMjFg,Roy
JlCjjf4H8rs2_lkj7xWRZA,Nicole
Ol2o9swFpOzWhsITvRwyrg,Bianca
tUbhQ9f6vTgzx0SqQgXosQ,Ray
Jqunr6Q51LPDsVJkV0_LWw,Shane
FcUVfATxARfURHfZq1DNTg,Brenda
ffwAac-m8ucwjadPaJNBqA,Sarah
FZ3RPwn1JCLbASlzLQ6eFw,Vickie
hXTZlFJedGxgGVeC6j39Yg,Nature
b3ZOeSNrCPzJmTJ9ZoqOjQ,Alexandra
jTuKcuKwIuOUaFGqtVABag,Joshua
74zKxjU6lkATv8UQDkmRXg,Rich
pbaOrDiluQgwZJj8s08oYw,Mark
RyGlrcSsGH7S1qwFd0aIyQ,Brian
5inF81QttrE1iXCX3Fyfvg,Drew
gXM7a60UHgzyeHZOrEZL4Q,Michael
45-rTXIsiKNha5sAWfh9uQ,Alexis
gyDU6x8WFEin3oQpLYZ30g,Allyson
uptgzZkEm4ytmHuZKBtnhA,Matthew
ZxLF8bOkke_ha89I06bbug,Jeff
YoBgKOdfpGH48LpIDSfoQQ,kate
1m7w8LthojiGt5sEmCgatg,Roz
tZVsokcaioKS5pg-IIX6lg,Kat
xthFXWIoXm06OKgXj0ROCQ,Lisa
_ezMwy1BTrA97T4WTmVqqA,Carina
beZYRoYaqS5qTqCsAEyvww,Ingrid
8JfOG--nkH3yIpPFSww-EA,Javy
ecmxlSVSbeurCkNVXuSgKA,Kipp
L0aLRB-OylGJV4mOmq15XA,Amy
V1L7AHWAgOA9e2_YzRi_BQ,Alex
e6I37DMbjU3xqqTmraxIyw,Lei
3qMUN6NGDq1GWtAJSuvXIQ,Steven
jD2XfQYjYIRV3khHoKdneQ,David
0hQW4bsQA0VZr-NcuFR5jg,Alan
br1zAIuv0m3k2ds3Z93FGw,Gabriel
Bb7mB3TcHmhdl4kdwmB0NA,Oulie
0oorB_IWC35-KkBL-Rq_9g,Julie
hqV0FDjGZCO6jll5zSurfA,Justin
kUUPxuRZU_hQTlC-72ChCQ,Alma
VPXgY9lGJF3XC4ZpusxNuA,Monica
bztI-FDhqVX97WHKL5GMlQ,Eileen
dn9DSDp9CYCRffmL1voq6g,Luciana
k71n8bELfnhMeC63xhUxzw,Bob
9BHOrzHM3cM85UbrG2qTOw,Lamberto
d0wJVf7Gv7v1B-HHYhxZtQ,Soo Jin
80NezdbpQg91yTPrsssRZg,Timothy
1H2EoisjocvvLSoKy8xUeA,Nicolas
hc49oWjcK_KQVZefA5SDwg,Alex
NvDR3SPVPXrDB_dbKuGoWA,Scott
Nvym6zav55WYQjfLGBctoQ,Chris
x8y1nxyvDJ7fOySblW8mww,Eric
YOjEQopbYGVfIOEmD3JZpw,Jaimee
Yk37VAp452K7FwHWd1rrQw,Jessica
01B-snmIUuKEJv2ce70u1Q,Kim
18CKAfiQPd3NmLsrzmzidA,Morgan
yj4lNvmxAt42NvBCxB3WTw,Holly
t-K0GPWboDogDYKJzxX-_g,N
bO-Vgtd21QYhVZG08vp_9w,Eric
F3UojyaAto_lqeVAcUIl6A,Chase
NrRS56Dv52m2BND-9v1qWw,Stew
X567tXHnrKhOLOyjsqf9pw,Valerie
5zbaSr7qSPwb0E_Bzy64rw,Stuart
L48cHSTX9ZdSyAjWWbETMg,Kim
AJpOwkU1batnxs680e-lmg,Shaun
ZOnLR65d70nfb93FBjhmQQ,Mark
Ox3KQ4kOSryLPS-P_KJaBA,Patrick
Dcp10CO4EnugWWnKlJdxcg,Steve
DDad5K6GNA0sXB7N1OB6wg,Sheetal
lPk9wFNb7kOdheX1aEDL_Q,Charles
ixmmVyrYGQmMeGWqNEjLuA,James
MBZDzN04PlnKUnWUw6-yTQ,Stephen
GLfGyDWQ0SvRAzIoWFPLtA,Alexander
nrOCJCQUgXwdUIwg8QHirw,Emi
c98eGldpxr3GM1dg6BysHQ,Jason
9r6Da5Ch9mXcMjCi2NWMzw,Windy
YZaIJvg38rlYKwPlsgYc-A,Karen
IajbWwj6l-KHrfSEwZBLgw,Liz
8T0evnkvRaTomru7ghPGeg,J
22-6yC05pgWbLupHZTjQig,Jennifer
Q6FaSZpCtVv7PXECwDL1bg,Sharon
_lcJoQubXyIMnrAKLFS-5g,Linda
qX8ZKYdHykpDg9PrqFhfuA,Cindy
bxG31mQKGaBs7xiXF1pNBw,Sarah
PBflDQXCvssaayD9ZZePLQ,Patrick
DQURv5CKj7iRdiXyS_Eikw,Rob
BRtnzFL0_Gl-haINJWLEjg,Samuel
adbGzWWooOw2C0mqUic10A,Jason
C9ewiqgbwZpzXhIIx8jVWw,Wendi
XgQ9ASHlqMOKMxpmlIMJ7w,Kimberly
rzQN5t7bpHno7xe6W_o85Q,Joseph
O86_66fFhxGoPXHF5Ymleg,Sonja
fZNIqFn8ka6Xy9_4AgUKng,Cayenne
pHfvi8UAsu3U7QvYPx39Mw,Robert
rIkxXjBKAeKKSYfLMgocLA,April
oubVUZ_h4enNSrvWNo6_og,eric
PwUnB1okgVdWQDUehF7wDw,Michael
-2gxrMHX8_F1Ep_ppWYTkw,Jennifer
doZzW6RI9rn8jCQAniXoFQ,Suzanne
Pv7DGHzZ-uqIUdOsqPpsVg,Holly
llu0xnAghOiQ1y22J-tK1g,Alissa
c0KL1oYu1uKeOk7IKDH0QA,Elvira
3jVpxe5aTPaXndSeq0pb0A,Ramona
Z4xZrZi_AMtOR6I24dPrHQ,Ruthie
U353jahAFu2z5CfqKFpHbg,Frank
X5Hx3cxdayu1vfRx7Exznw,Scott
jwJoY1IrCInDUmUWfhTp1A,kelly
Fz-d-Q3byKeIQaKh9uRR_Q,Jim
hfnNyU-BdvA1-R6sdXYbYQ,William F
FasVS045WF6tcO26oxrWig,Robert
cAwK3BH07Yq4ME9pIzs-Xw,Kelvin
HO7fDZAvPPFSrWAM2zyPIQ,Robert
uCep3az_VaZqIjQ5QdhBSg,Tina
57VujwXPYuppn1t4-4cAJg,Mei-Lan
uZu3LH7JMFZN3n5w1FjSaQ,Grant
R_Fzh9YjpT0pg7dxhmFQnQ,Trev
1gY1N3pkxTzh7kK4BxANyw,Susan
N_8pR1fIUnBAh4fLhkftEQ,Kelvin
j1kH6G4kj-8NRG4AiktFfg,Cc
xkTbpCc-YhU8-EXZDA7u0g,Si
KkEFlQAmrKf6BtPVi6EU7g,Susan
aYhKsAUQaaRGgdgcZC5XAw,Carolyn
zigHnwA0FSGPGUE59lLFzA,Jessie
cykCXyNrk3Xpo5ScViqA3w,Tony
KrYJwvzkllw27E1YS23log,Elvin
Pf5R2OONnOwyvKE7KJm3dA,Krista
FAxy_JuEOhhZl3C10LMY1A,Justin
4YreLEqgAJrg3dgPtKLuQw,Roseanne
j_nCezpsIYLPAHAPo65NIg,James
5WCqMsO76K8ul7sYFszq8Q,Dan
5-zDa3uehYmGqrzc7esK6A,Jen
-5EmmzPPcoaxS6lINLVOOw,greg
BVR83V7Rag8fDRXPKJYRjQ,Sheryl
iRCxBxdzKDy47jplXCUFmQ,John
yyv5_H0uOn7yd2BG2iG3kg,Martha
VrDppoXuilvABpjYqxBNjg,Ginger
aeiPnIdeRylzH34EryQBYQ,Frank
qX_C7zzKJfFLg1Hm97F1HQ,Kayla
PyYfM8uEgdypGxGT6Es9dA,Bee
ApFSkeGhx4zZJSfxy9C6SA,Krissy
Oa2GOM0oMhVxbfh-53N88w,Jessica
yqA2VecuMdSsPkpvAS8RUg,Dave
Jpb5uSnlLKD4RJzk7UGwkQ,Colin
0Ke0iSAPYi8hUVxLocAlYQ,Chris
3KzppR4vKL_j4oihuT4NfA,Henry
KFMmXJUCuIx-FnJu2wAh4g,Kurt
vQYTqkYQ54y7PxfhXvmqEw,Matt
ZnjzGyeSgLge2hLV965Qtw,Stan Kay
W33wRhl3LfrC7UqnR8t0fA,Karim
FVwF8QATvdbIc_5OGDIzfw,Mike
0BP2U7pB03tkUHwKH2lE-g,Steph
RYFMfk6NzAJ3RiBuE2Lwjw,Katie
GuC8C0jc45fCYrnvh7s8zA,Veeder
QYS29txRosYV2mGu68Cnhg,Anna
ogfNFC5XPzJMFXAkZScNkg,Carnley
mcmQKRTBF239k-SfOWpKIQ,Meghan
YAjMnT_aU3pNDgYO-rUUFg,William
Qz_WQ6blpBBSaEwsofbB_w,Megan
ia1nTRAQEaFWv0cwADeK7g,Emily
Wi8rC0HMvejfbLHeHZc70A,Becky
3NZqIOvpb3iWHH3hr9LvBQ,Denise
JnRT9i2d71pY8D8ngzCz9Q,Jason
G0D9PxpdenszALnHqRT5ug,Ryan
iN-r1ZSzZfHYU96YyZmgMg,Sara
AZNp2qEdKRkqO7DT2ggaAw,Tanner
HrGCBT6-x1iFupKCWAa_tA,Jamie
XpxK7cAT4R3wQjHOZccasw,Shawn
tRBC8zo48KbWIJn_hEG4mA,Michelle
eshIqohS-9FMLdKOhTr2Ng,Lizeth
i-B-Xx06ZQ-NJBpyF53UXA,Geoff
GEUTx3re-HmI4fhc47klAw,Ryan
62WWnJGX7kLjbM8bMYxvQw,Tiffany
dRuyS5MsLnIGZlWpnuJ7xQ,Staci
Yz7i36gFLsuFSPSCqBBp8g,Francesca
Ek_t82OUnerdlO0D-GVcxA,Joanna
LRn__BXFBmHka4HX2iuikA,Nundi
SIBDyuEsjy9-iliiQThISQ,Matt
mD1uXKXoCgxfpf9wz_1utA,Virgil
wEwU88bt18BUf7DhHDRbHw,Meghan
rjlb-7-JcmM6fR64ZpyTug,Morgan
6uuXqeBO9IHypWnkhaopzw,Andy
kzHLlIr9iuKDa6ac2MHiKA,Dan
qDl0_RDqzgkOcdkvnoPhzw,Lura
DtKU4OxnjN0rTOx-UQZG2g,Gary
ATp5mqdO4Qq-2jl82y95lg,Mike
tFyQbNbBQEyEc9oCr1pJUg,Tyler
6aDppY0vbE70BW1Oxh1nSw,Caleb
NwDQCk05w9oUZL7q9Li_kg,Michele
Ib8LPATQpj64s4e8YMBeng,Lauren
CfGO4tB7UoYKCKxikR21hQ,Shannon
kKBuPUfJ0mtbUzdwDDtASQ,Kim
FxxYCRPcpd__yhRRmmtyMQ,Adam
Y_Rhaa34JKA9oO_u9HvXYw,Tee
Dpt6cl8l7TqfOy3M1V_lyw,Andrew
Zhn5u6UK0ZmVX3zRoRliZQ,April
JzrGsVZQHatjQMz9zoB0Gw,Rick
WQZv2et1BYLvEfJbxGDHNQ,Gracie
Zl63TEY7RpMeV3AWoWCMKw,Kristina
ytjCBxosVSqCOQ62c4KAxg,Michael
0oRRgipwHG-_yMlh6sp60g,Richard
dNBCmr2ST3eh1LRf_suoGQ,Diane
SiI2jwIk86w7lXgYdccWBg,Liz
uM7tEuKrq9MflzsFR0kaMw,Michelle
zCC6huLkNBEr3JUgQyxJbg,Mark
d4Kjfe2fkG4vFsC8XxTFlQ,Therese
XFq2ztmqIH39-AgjW1dvPg,Lalaine
7h7IlYzn2j2b7AH-801EtQ,Kevin
vS-pM1n2Fhmd-48jfLu1tw,Eric
pKErhcsze7YTlByVT-jrKQ,Sia
JT28a-5t7AIAglOSUbdFEQ,Nicole
sJAZxfNJLYjK8LskncwKuA,Carnation
x7ZP6lB2fZl2UN6lun87lA,David
Pyg8c68cOrMGOv7Zwl65qQ,Kate
OTQ68fm6EtcPD2n0g6Y2mQ,Fiona
QeW2E8e3rsgzrY9YdRpOOg,Andrew
L-t_BETc3LNyXBvmId9cEQ,Roy
ymTEyO8ZL6gaOCaFRsqsqA,Sergio
toQB-84mncrviYrnjrWERg,Karey
AdFpuH7MSin8cKmpT3IbCA,Dawn
6-LT4ejPhrFA_gqTGtUDiA,Brian
2208Vv7FraJpHtES21z2ww,Wes
NQMpQlEzCUKBjAORe47IOQ,Robert
6Nb5hbRThejk5iiRQt8tdQ,Tyler
sZKeRKWYXFxpxDrGm6fDVw,Kendyl
RXrul5VWnGmW0_sA1R8dUw,Sarah-Jane
6z3sLqOH99SMuAy5dZBLiQ,Cage
tss-90ne0mD1t2H4R5SL2g,Darren
WYwdYCTo_FaDdO0_QqNt_w,David
kBnrS4xgY4pI-VxdpNSVSw,Thomas
gTCM7qlVrwdml-hFB6aJqQ,Melissa
feu5hIfbInMVzTxXmO_d4g,Cecilia
btfv0CFoDX6vJCPms6-Irg,Albie
imstaiKk-BFj_Pr9YtC6jQ,Melissa
mlBC3pN9GXlUUfQi1qBBZA,Jennifer
1diI7PX0AxbbtiUB7nPbuQ,Joe
WFYonoimkmfJSzaPyyE5YA,Lorenzo
1NYedcbW0GJQItQLQrSapQ,Violet
esomNneHvsEv91MmraM5ug,Lucas
fIpDzLIsrT-YepVDkauEcA,Paul
FvMQIP1lgOVLgBJnGxPbHw,Brian
xIQY9unS41oYkaUeaVw9qQ,Joshua
_El9O8sv3NRPgrKKr1fIRQ,Chrissy
FLdun6KWwAh-gC8VHVZGCw,Andrew
U9StKc2RxYlAO7VNy3lSnA,Matt
ooKcNgYkO-4-KM0jdnILNw,Kristen
Mf5LWiyEqdVSzf3sIgMmKg,Mitch
JPfe5fWgl9E_WZFs8NcjFw,Stephanie
HhE4bvGlKB5nuN1odc9GjA,Ryan
waD2euOMPTnTzQ0thq3H6Q,Johnson
kwtl3xSbFsuztBgM5C--gQ,Sarah
jINbhO0tD7505n_FxmOnhQ,Rosemarie
9x_Latc8YrJtDK3aITzluA,Viktorya
nZFsYjBz8kiPoF_fM9gdzg,Ben
nrCN9qzrf9E2Hd6CEtI6IQ,Foster
xY7Ks3sRwyxALGsTQzMAyw,Amelia
qy9xGKT_77fekC7Tt2eYqw,Kelsi
adUbM13gsVzNIG9lPe-vjg,John
qTinv7DB7HsV1K3Tvki0Tg,George
gMzpQof_K94wxWj1Sw0FYw,Lavon
ifxNxHRI0A38h22nXVTZ_Q,Andrew
bde3HXuWUsZsTyXv4Be47A,Jeanette
XumuDhjpl1oZGxLPQlWvYQ,Patrick
74tJkgoe3QGopTqdWAQSUw,Nicholas
7C-jyTrOX-iJ-MrSJuh-8A,Chris
R1STB6LAyJR-gI2WC3kEtA,Tina
PLWZ9-VyjtvDbZAJP9n9wA,Renny
r6vAGITJ4YZ8uCotxp808g,Anthony
_sSWITq7dNpWTW2_-q1low,John
wx12_24dFiL1Pc0H_PygLw,Jenny
zWGMLEstHOJ9kArCARabvQ,Lauren
A3mpjzazkSDkua4cPSayYA,Tien
Rdly5t92OD2puZSSRwNQLA,Peter
ekE_fS-0HjkoDyItu0ZrYA,Ray
joIzw_aUiNvBTuGoytrH7g,Albert
4TmAgCeJMt1lIOfjmWmdWg,Stacy
tllz21bx4vUY8rKL_HWcrA,Vince
jRcDytHWlD3ymoCghVKlgw,Anita
xcuxY7TjWZtF5XqGYvEBVQ,Tim
hQJPPTEy_iamIVF7nfoFGQ,Zachary
CyGVkCmEsAmCrVCXJjXOgQ,Kevin
7GC9fVWKa4a1ZmBGLH6Uww,Lauren
UMxMwut-4yxEhe19G9_rOg,Helen
QP-MdjpUFejr9apuAWcfQg,Dave
59pgdW_7MUlESN9yJxAOLg,Dale
Ep3anRsVSShs7O4DlEmoWA,Lucky
CcHYdohB2PrX3l1KJ60j0g,Betsy
Z_8P1viBB-8B88oNEiBb7g,Adam
MPRQwcYaIHSee6JUhYx2vg,John
wk8RQwuz733L34WFyLH_2w,Rockets
jylbQhgsr1Z7tLoJY67Xog,Nicolette
RDeGDi_YOJVrdr0ksdvR5g,Blair
FFov5DY1l4A01uobUMg0iQ,Erik
5y0N0fTEg_ZGEGDGzzRTdg,Nicole
gzJpPaHN-NXBkAZcZri3hw,Irene
wDmXREigSPJX5iHa0PQygg,Veronica
cq6o3EE0213HNBql63WPng,Alan
G6gyh3g6itXKh3ZUo8eL7g,Denis
rzHZ3iYVQe_8h2e42DbUsw,April
Y-YfCdX4hjXnk9en2rZ66w,David
ioTuTA_pI-ZgiM4uISDQPg,heidi
5kgbaMUk-xi7amftP3xj1A,Robert
_tx2Cr1eFE0L3Wt7sMJ71A,Molly
LoSifdxmrOj-a8xcDrRJDw,Nettie
e74v9ab0-PgmiwBhdbj_XQ,D
AHlyQHSgGTF6_Dojd9l6LA,Brooke
jFUzy9b_yZ0_GGuXq-yVyQ,Theda
aDVlDhHK6MBEdGCw43YUHg,Mike
I-Em7lvqdemwgp_S28wE6Q,tim
MpqLj9KvU_FVC6AL6rdXPg,D
3o-1d_y28ZKXtp3RM02VVw,Courtney
yUXiluDkclGhjca5_Bclaw,samantha
WkdDcxI0sbQqZ7SpW0ZQGQ,Mark
Vq-A5Ii9NEwYOs8VBfsLOA,Trevor
aZ960lINbYkjfSBqJF9oUg,Creole
cHnlIFP5WwJRer7_C2NUng,Bridget
L-cexm4-3KDqtL6kGfjzBA,Rowan
W1J2zivSqqgbq49WhGpYwg,Kim
qbVQI5kPK7q1LkQ13I7xIQ,Brandon
_GlP-J5IFotaIwuTJ0ezBQ,Alex
XOnwygK-EerILmQSxP2K6Q,Lesley
FcuXqhefEzNadopA2l0Bvg,Matt
2HSHkB7vEEcFXT6QBmBgBg,Oceandria
Mgrcyvw45-7JU5wCCT6-oQ,Karin
D2NKLp8yrK-49RKslrOnpw,Rylee
HL86ch20epS9o4jrRF0FWg,Nancy
0bNXP9quoJEgyVZu9ipGgQ,Aileen
SJVt7_0p3b6H9Vfo7cfC1Q,Shaun
1ylYrKcGNA8MDkhNBTjHMA,Brad
OI-VGo5ij4TMHVw8xWrKNA,Kellee
J9sdRtgCAX-Q_CDy00rhgw,Hannah
_SXqziDvvAyNO4OgaMLGmQ,Ronda
d69meDtT0ld7b9HY8-FDRQ,Jaime
vNVFpgtsMGOpLx_zfBgi0w,Tonia
L1evbGFS_yb8oX6s-z5wLA,Christina
n1h87EmG_HBlp33v3X_QuA,David
gnJQg0JC5pR9nw_GmECsHw,Joe
5tEbJsOjhyPa09hQul6Q2g,Casey
c5MDwut8ojfoeAkD__UpSA,Martin
Fa_1jjO-sZOog2eYUkoRlQ,Jeremy
yvmUtza-gxX7GkdLvmQQFA,Mike
bWHdK9MyCy6gIvi4llmToQ,Josh
UHLGM2r6ja4DOyHBg0bIuw,Ken
7zDqr2I0-xpw9HF5Ha54cA,Tonia
3NCcBOCN-PoFyDzlGgmNEA,Sarah
7fczqPP7cyzyDAtAmaG3wA,Brenda
OaFcpi3W4AwxrD8W2pgC_A,Cathy
Dq4vRwuYqfRkuJ0Cv-D3_A,Guy
D1VUHDNQdHY4bAYC7AXmCA,Mandarin
iCl_P1R8w3QcIGz1YAeGGw,inky
fKYP2YKR5yp_cNHPzBxxKw,bobby
8i2avGteLSN9Hc8mFqVjbw,Foo
aFl2Pw2JuUNVBgtYiQFjxg,Stephen
tbbw7tSso-LFNXz2T3y5Sg,Robert
_L9bVY6Z6_zO4UwDAwzsaQ,Tia
xFNsWkcagohn0wihATcJtA,John
xSkRwEat3107wr4mJ--1Ww,Steph
JP-CvqerGU7tzEXZowZG9w,Brooks
PV8vHeYbpF-XNl5Vb3mzCA,Lon
i4IWeNd4lT3-e-ewUVimGw,Daniel
QcaJZ3_dFGbgdhg4rLF3lQ,Elizabeth
OgxVeI_nmK3mXxXP2ClSZQ,Jean
5lq4LkrviYgQ4LJNsBYHcA,Michael
E3-93iTqkix1JRjqZNv5kQ,Joe
Op-1naJoamq7LB9PC0N2Xw,Amanda
Kqvfep2mxS10S50FbVDi4Q,Patrick
9CphPgXVmOjFjOuLMTyvbw,Elise
cE0er99C9AiYFYlCSntitg,Wanda
pIDLTlmy2OMApmAf-Fu5qA,Gabe
O5hq81NDrWZnrUob7PkSyg,Christine
yJ22u_1l01H4NM3wCowIKw,Ian
RsK7IaWgWD4AM8p0eqIMPg,Cheryl
GH5UHp0w9kzEeHVS2jNjaQ,JG
OliwgH3H3nEcFb2ZSFja3g,Lily
tkCrjB1Lkog9aTiy9F2qvQ,Costa
w9Pv4WyYsWIAT2Y54Zqm5Q,Emily
pEVf8GRshP9HUkSpizc9LA,Jennifer
1naZ2ozHNxLB8TU9qcrnRw,Paula
OVdDyq16rA4kODOgCvnVqA,Steven
KE73lDvgo6w9vDc2gd8_aQ,Joseph
Ni5feq8CRRIuMGJFaik94Q,Rich
r2N3IfB6p620R_inLEaSeg,Jeff
NCUcdDi9HQNkpdZA_970bg,Nick
pJUdG8KPNfZOLdVqiWIpAw,Jeff
mRBaU-ys8GO3Un-dXhDVaQ,T
NTS8b1i924bTyhDZNMp1UA,Georgie
EUFNjJLpH8lvRGlK8TnTmA,Wendy
diORGY6ZfV_3Jbv0jW_aIA,P
NyFFJjymTm1N6pjHp37KiQ,Dustin
yV2cI0fPVvwGMjrYyCQQ6w,Danni
RGPXTAPouBSRM_DWXi-NgA,Dean
6CJBUmthxEDfZF4DaNI-Rw,Keith
kLllK_6jhK_KBGIJfheddA,Denise
WmAyExqSWoiYZ5XEqpk_Uw,Philip
TLGo3QtfQatNW68DVllg1w,Paul
vI7wZxTprpMl2fj_IHU3iQ,Chris
prx85Vuc_CyTm3cQACTsvQ,Andre
w-zn18kWWEz8MzEu5UjLIg,Robert
2OtyLX95H_5ooT7HA_1tZg,Jason
deMj20nfQrfQKvM_tqhOeg,Carlos
YdASASiJiLyXz3I-JvV3KQ,Melody
Nhb-F1D1pZixv7UinF5Rpw,Joe
KVRvGO6RKdr2vr2Uk-5K0Q,Marcus
tZs84cKAUSOtP_nAiSdreQ,Rayan
1HyygPKSSOiaM0wkM1pP8Q,Miguel
M6mXcFQa3ELYdOqVR2ffdg,Stephen
hjPDVLfQsghAHJv6jogDDA,Matt
o5LGkVUxaC8Syd3WT8Maew,Josh
T69xchAeEonGQnOlS452Pg,Dan
3XeK2uH6ntmvFav8YFinSw,Jenny
P2H7bCxt_V3Iz_H7BIpKww,Becky
db1bQXOMobuSkwzdCHkNMg,Jared
cjj0w5JbUKC2WdW_CjMRHw,Sarina
eCx34JwL9ZcO-5v_jCf6xg,Sommer
gP7YDX29Gd66nWrcfJUZBw,Sheryl
Ogq5SJwNAv2IHtmbQ_-NNw,Matt
uiMTavYKLw9hxskV4xB2tg,Richard
TReJ8cb0BxweH2oX7RVnqQ,Donald
o5Unpe9-hUqlzmaT23KNLw,Ash
jZb3q2kRCcVxamScvOK2Rw,Darren
zSQps4R-_w8YkjDtgIsfiw,Nastassja
RpkIIYr5hfDZCF94GbHhTA,Donna
nsfF8oKwrJAQRqIAUlVO3w,Joanie
xdl61MWMguYRSunH8CniQw,Mandi
NTMqojfXGd1O00lCvmRLVw,Will
2jRHRPxdCnbD1UDQUhbzwQ,Brian
kF-UETzhg3oKPb6Z3X2XBQ,Tiemen
3UtHAMn4hECtiGihjOj9Yw,Jimmy
HLDeANppzTCDqlsqRxAElg,Aaron
BE9dF2LWNHViF6VCwebu4w,D
dOv9CAkjmUqInGaNXFrx_g,Collin
kpW_OAENp3yjguzvLeHgVQ,Sheri
7nMAorL_P7c0ZpYYivX1DA,Jean
X7dxykmIV9LL5ZxLtgQYXA,Robbie
egfwpLHygMEC-T0hfNu1fw,Michelle
soRtzyn73xDu4rEmrqNHsg,VegasKureigu
qirGKETf8WHQJzRuhMvzmg,Josh
B__HK1IcMgCjCWUNhDVBQQ,Mike
SySsCa_sJ8LPwFo90bsYVA,EV
xu1TnGEIZMvrnkfaiH5aJg,Tom
wN6sKWryjjcDRBplyoFsGA,Christine
5UzyliMln4pHg6_ob1BfHg,Matthew
9P1UL3CwMz_iy7dmOvtrvQ,Michelle
5c4p-A1sLBlpS1cPaMpdBg,Stephanie
TpPtLGBAGmol_mdF_sdO2g,Tyler
Br9o4CNzhwUw4YUHseGA-g,Chef
N5kui43Z-yw1v7PJVFREjg,Chris
AX2X6EQLTIyqZ58rtrkC8g,John
79MhROSJ1U8KBCupx7imRg,Val
hSoi_u5kMCIFUHI6bx_G6Q,rosa
2g7WS6EvNBg1y4i4iyAVrQ,Randy
5mm3A2_h1MlaUX_-qd9iPw,Filippos
IDMspg-KODGlD1GonxkU8g,Trish
Zot-j2JyXgS7To8FZPnijg,YelpinGirl
pkXs6jfJ6CQcYsVUBF8peg,M
apZBQpCEVD8xSJIRR-Tgaw,Jeff
pFg7yJ_MsrvAqYJG3_3Mgg,Mariel
r1jeWJCyZ9xLr-ECuMnQPw,Todd
t3ykrvbGPTM6a-ZBr31-Bw,Bill
MHQQadI61XUbPWuQ95P4GQ,Melodie
FHDI8M5sm6lrZXNUBZAOfA,Kelly
q_FOZeayH4arrTXDPLaoeQ,Justin
CLJRiD7I8f0DcgQS5SnRZA,Peter
OddZIjq2bneMVAdtgbc5Mg,SJ
kYnCLnqIxvZUmMT6edA1iw,Chris
j1kMhWMLZ7Ox5NU7iSbFjw,Mathew
VluYq2QYdn1d7ck7aEeBpA,Billy
gXvP7LWHZJhoP7njsJ97dw,Schel
eZTzZIM_WL7w53EB2DHKEQ,Bill
gUr8qs00wFAk851yHMlgRQ,Karen
Or3SzEZoj_kO_qjreI-cew,T
AirVzN1BVQBmq5zY0YMNYQ,Stacy
3U6yfkk_VulP9kh6VOf3gQ,Lizabeth
AcErO3j0GFTXbdJHbuD2-Q,Ron
NhWdv_I0llGEOKR_XsBj5Q,John
E0ztmyXb3pcVABNqBmURVQ,Steve
jyc36_ZxqZER7i2aQDrdFQ,Mark
6plx3rGIAIQua1sOFUtnsg,Donna
LGyAovx_na7bw_awa-98ug,Gina
CAHini9U9gpmvSfQS6pzcQ,Kevin
uDPtu4QxE0IuuOU_xZQEUg,Jennifer
mRgJXCZ5ZKVuGItWjsf5Xw,Clem
62rHDGDdv6Wak4P6Aj_Gvg,Lawrence
HWqyb-FggHlaPixXYObYqA,Mixie
261l0prMOgXgzhNMjgOQag,Mark
i-dWog1af9Q6WBm68By9Vg,Kaitlyn
DYcMmWmYwbkVt5M147whxg,Leslie
yur5Y0PWwV7AdVYflRuVJQ,Elizabeth
hFhWUgq1QqKQ0FoMNDxVLw,Allison
nAu5d3OU07IPQAFjhFuGXA,Jon
6l_ATA06SBvvPDMvMiKQgw,Tu Anh
TJecgF1pyhN0nKs7tTCyeA,Tabatha
441f-HT2kYoButncns44kg,Ashley
8uf9zHz-I5dXpn2LESfw4g,Lucia
LxQBaFGmoVGN18gcfLBhfw,Bennett
hTO3XPc4_G2g7POEQ0IVnQ,Mina
UE1UIi95jSk5tAzOdtnjIA,joe
PV5voYSD43Cn_3gHmxG7DA,David
b3nOT3WQT7gSQpEIyIw4Bw,Kelly
GZB69quS8faB9agPvagMfA,Lonnie
sScO_aw1GFmUZj67aNqR_Q,Juan
DzQ7B8Q2tifk16-uERCHmQ,Brad
vzAvkSRois2VMqj_AT7xVA,Michelle
2IbMDQWmzM-kY7bhjS87zw,Toshi
28dyDNrL-Jsqv-n6fcuMEQ,Brian
BUmM7rGw8R0AfXjI9OV2tQ,Kollin
Iu3Jo9ROp2IWC9FwtWOaUQ,Norm
j5k-nzuD4kAUAIUQqQipDw,David
lJi8hvDEusdkKEidL04bZg,Cube
n2wnOuwQVx8sICttA6Qf6g,Garrett
IDHrwv_RCildFvmfWTkj5Q,Ursula
8Hd1_8MU8qlWP9XPqWb4wA,Aimee
KaWduvyLhPyICEm8dJzLRA,John
fzlzGEJdx42bEuhWBFj21A,Barrett
vTwfxJXuaqzcVnc1Jjqn_A,JM
BDxgg70iKe10XtmntuAy_A,Jim
M6O7su9ZBylwr3f4-vG8fA,Paul
5uH0xiqIaF_0BSWiglZPJg,Terry
I992y2oV9alLGStwWr735Q,Kayla
SFpGhgL85C9Hs54FuXFaoQ,Mike
Nj5OJbBa8m0PHUuf-vKhzQ,Tommy
TNJRTBrl0yjtpAACr1Bthg,Joe
xdhu_CZVomaGPD2qB0IQXw,Gina
HsKPpfcATrQ5Bb0ab9VQNg,Jin
cLi_GrU-Nq0hmUcICMWCBg,Krystal
01pI8lIEwSAzzfPxUby-yw,bob
Y6ypE9CfQyReqDsHWyrWIQ,Sandi
F4C91YUlFUJr98zvv2cj0g,Michele
SriIhhhznH4Dqe4g2iYgfA,Massimo
IUXfFdIGv7YhN3xxdsrgwg,Jessica
W43iarM27kkR8iJ0lnbg_A,Jorge
Vdi-fbSA36s6jffY7iDbXA,Lucia
EWueLXhGnCKdj4wFI4Py7A,Larry
E6aleEBBGLoWAlvMMfCELg,Mark
ou-yGrDISZPfe9gDqXMIXw,Shannon
m9dJKmWubSK5A9CM3Onaig,M
xFG4Ca2HHmbxDTkMlmHnjQ,Heather
rPnBazFXMRlmfFvRu3HtQQ,Mindy
ymohuxSXtj1Qwo2fBQW0_g,Jessica
4xgrBlCP8eui4HJJPxeV0w,Sofi
hhdMQdXmBltgNfsMoDLGHA,Emil
w5I39xcwIkIuVo_tzcCHaw,Amy
Ay1OvklvpGj4oRcMejAaEA,Gary
fTo1Nf5hXSZqPC_qkvXlrg,Erika
IYJg3a-NTaymcYPOfRrcsg,Alia
meqaaP_FVK062yEXpOf-xg, Kurt
13nKGeaB6UjFEou4Wk8Etw,Patty
jEJ_joXY8oJaLXxgT5vUrA,Frank
gZfc7t55rcr-s-7NYmeEaQ,Mickey
yks29rTIlIPdaTZZ3AIbJg,Jess
wSWDShwN69X58ydFJkIeDQ,Van
otLEVwrvvxUweu_DTND54w,Justin
Rg4gzsz3w00vRlIOXcGUIA,Devon
08cbSEei1-eMwP2HFibS8A,CA
kod7VMo_JwLiuelUprppkw,T.J.
TOv2yLZIPTxpavEdeG8ZqA,Krid
OOF012kgpNJnH5fPi1jyXA,Emily
8sTGEonsjyL23rrVI9kUhg,Gwen
MITn8veG3s3WAAX6wiUJKQ,Gina
Bir11D2hYWIHk8aAHAUfPA,Carol
E6uVLpIrzydB98U_EDvfnA,Zack
Bs3wRepv4v5rhzW2RTx5sw,Daniel
fiT-Hkbe53FjTu8ruzFLQQ,Ruby
rbXO6Z7gFopWivofH9-nuw,Shayne
NrMU4Qs8qqIZ536buLYQ8w,Frank
uMzPnmUT9REKZGFjAmbCSg,Mark
bGi0Gm8Qr4BIhw75UullkQ,Shane
4zdCzINbj79MZ1tKzDbPNg,Ryu
NVEtbagIwQA-VjzbJZLWQw,George
xcG7l09l-TvuHLG2xtENEg,o
oxxzLV5L9PXAn-jLRMlruw,Bill
ea2w9WKr_rRd0zDUzu7w8w,Timothy
BBRJjyns_859ARBOKQxSrg,Cory
sN5sIPTkSF6N0gw1CQeTVw,Karen
lRoq6CHTrDBR9_hCgoGH2Q,Amy
9nGgd368nLpvGmuZzDWGzQ,Dani
d1ManxIJLJPJTG-Gxq8BjA,David
QFPqfB4KdSpI7iBc_AmZRQ,Lindsey
RTJTKHU5U0GSBpdGbh4eEA,Matt
6PjMAdNxq3P5u4JgIgdijA,Frank
oT2ko0Bpyy1sRf30KVQMeg,Richard
_A3P4Q-2wFwtJ-FzvMooYQ,Jack
WVuMSNaMssIem4xStaanAg,Jared
7idZaD0_b_y6YfuFrZ-GHQ,Mat
6f_8YfWuh9s--j35BldjOA,Tammy
NqNDFASKhIkw6IY3LSg-og,Maggie
Xo3XagJjmbgD_qQmVp4YOA,Kelle
Qew7qNGE8ksnrZmwrOvAQg,Rachel
6oyTTJGRqPvEZlksW9aZ2Q,Ed
5ygYKfcAl6Jubtzafto-2A,Molly
ce8EIWnx8vBzhi8SrTdqCA,Nikki
yz_j8mA3pnkdWkZ6nimBwA,Hydro
ptOq1BhojQI_6-5KF_ICuw,Chris
9qCPmT6ovJjxL4tJB4ANCg,Russell
C1IooCJpk91AXmAi7XGQwQ,Chris
AUY_OhJJez7cZna6Yrv_Vw,Julie
0ypTVVwcyusnxx4Zbws_bg,Lizzie
g9s_yIDg9uA3RufY8-cqtA,Ann
6ts41fCsDKHbFZaKOMNmVQ,Kirstin
Oig1LmPB26bmJYeh8SK4OQ,John
-51_ANLscNguU3qxe4o0vg,Lonnie
cwlz7-fym956qQXBQxxZHQ,Jellica
ikm0UCahtK34LbLCEw4YTw,Rand
_66cyzcbaevoir7hIkcuHQ,Ann
g8F631_CQxzOeLswU5Td7g,Mikey
3KCu4c1IOZsUla9pqQc48A,Candace
HvPRKXyVn3MMq-UKj4rOIw,Erich
Gr3-OKwmC85d2uLMbMDYMQ,Brian
tCTLh_4DnkgIsIKN6-AeeA,Jennifer
xihVWSrDF0KE0pAXqYKURg,Stephen
N3pCcsb7hKLUe_OPxEGHGg,Trisha Eve
syF-6VzPdjmCXbTye6N9Eg,Jordan
AY9WcJQ-RhkHq78FC8tdKg,Mike
9lt9bAwux95Qx0dX-iCgng,Jennifer
JCbnDoUBsUpryA3xWa3Urg,Christina
UmhTTaw_4hHcHOHoIOnKgg,Kathy
52hYzmoL4yUFyc9Ct1Zukg,Vicky
aDiGGNZ8Dtbjnz_ml5qYwA,Nicole
mGZb399JDpvCg_2vuhVrUA,Ashley
eoja_M3_xcYF5_HcBoZ8gQ,Nick
8Y35BdSOzgQ1mnxJf8wthw,Lane
GzMh3V8oVBoII38x1GpajQ,Annie
STcqbuKXBvMWRZhXHCGhew,Tony
mcmU5cchu0eBuOu2X7l4eA,David
L1hHgc9nwywFYkpYoxKJnw,Jonathan
_cDnFQHMrwo5Xg_1Z8QQNA,Noah
J8FYp-SmJ5uMd7euuB_gyg,Leah
Fju_dLKhwg6pV4ejPRzQig,James
5ciioQarOCRhJgQOgXpXPw,Tracey
4_HsrZ9Zq58oTugu9jXIvw,Olga
zdDo1ZGwewj6q_YhnC4CeQ,Nikki
5Wb9S2KRzavF19g6ATpWjA,Gavin
7T2RQm2tPoCzBr3sMuJieg,Christina
ANLv4HgGEsSo45TRqhfzVQ,Linda
o83bBoIE5jWDYHfFlyhLJg,Jason
bPFWH0ErQeXY6K-SpJlu9Q,Kenny
g9YuUyuEjWbGJZEDwMhPNg,Sara
V6MUx4e4lQiPY7OvjVPbfQ,Mighty
WX5FIVqxbPVnB9VYSQCdMA,Brant
XODFt30aX2sHKeFBW_OljQ,Shay
1Mpw6MDO0BJ2dLZEy-eoBA,Jillian
AxpqBoRXot3ztL3hKX4kUw,don
2zNIXMoBExME-X71i4DfDQ,Rick
zKadnOUnunU_p9vACufL6w,Brian
BzGz-AI51BEqglYcMX8EJA,Philip
oMDSmhe72hjxoR3EAj6sXQ,Jalayne
n-2gSytw4x3Q_rbweZnfuQ,Andrew
fssa5dBpTurPCpqoTSXC6Q,Marilyn
Gxv3LJynVxG0jNdu8AXVTQ,Dave
90kVHqzTDOyWKfvonurD_A,Tim
1VcKKccWPLsNOhyYGMkWuA,Rachel
cK-1vKVa0JOqebw2cR7o_Q,Val
Ah0Nnyw1Eq2xCTifZY-5zg,philip
s8fJCSltyub39Q1dqzjb6g,Ashley
PShy2RYNadDUhJf4ErOJ7w,Sarah
YLE6GoJ61fb0QBF7JTkaJg,Arlin
t6zANh_g-WI-YEXiuznQbQ,Doug
GaKAyXFzM4CVMwaPolZEJA,Michelle
kEoV9uqZhjm6iWCHTuC38w,Luke
EnvG_kewvG5PqUqNSgs9Iw,christina
gsiMWg0sYjxj4DEytp4nRQ,Daniel
8ITVDdfK07owxCA1x878Vw,Jeremy
6FUCAfDwNISSAgGeLfj4rQ,A
aRFzf3hOKwgyQ5MtsJg-fQ,Rachel
PeVswyyaaR86cwbL8dy9jQ,Serri
92s1VV9rWxGNvjpyw6KLNw,Mel
PqHL1wOow5g2Mp-JSTum3A,Ed
90a6z--_CUrl84aCzZyPsg,Michael
py9-QwKsmUcL813AR2uCmw,Megan
xS1UjWUaIOxpLU5PuSFdUQ,Sherry
aibNteZUfVtGQ7QDjM2zYw,Sirc
jmv7eDUgx3cn1y-Qw8G-Og,Eric
SPvkaXv-KrdsDwbImeADuw,G.
lmiDCrmas8TxRsbIGZX9Pg,Nydia
RJgMrZt3-SC4fuQVfgPE8w,Kris
iD7x1_c4W0owKnJzL9gW-w,Kathy
vBrIkZBG60tO0h3h_to61Q,Sophia
qyPutgV25Nxsgptzo0ZToA,Susan
Qujr75LQVdtBI-g6F-3zcQ,Doug
MlG6sDtxFYxNvZOMGqxcYQ,Daniel
kvGCQB-mF37QHvmUB-TyBA,Diana
h1fcjtZ40N8fNVqin8ghTQ,Chris n' Misty
U8Do1rJt2W2BF1md1EiG7Q,Chad
qXLte7ikUM-__NHU5RaUgg,Jurgen
3_YkRES7fOyw4-ujp6ZETw,Albert
5fICM_2wdkTlFVD6gdyLaA,Ann
KIKmorsGu-a86NwcoTTiTQ,Sal
ur4rzCNhpYSDFfv9FGq0lA,Bronsen
0CY9WLYFbVJfOMV2-B88oA,Susana
Q0D_F8or_ispvXCuuVtAdw,Don
4xfORwroAwZKSKl5AVAB9g,Daniel
Bf4vI1rkkmX4tP0pvw4mZw,Nicole
298Ijr58auGdpEwVWGFqmg,Katie
UIHT5FjnQu99trc8mueQEg,T
9fTTesCwn9EO-d82ODJAnw,Anthony
qrfHhQdFIN31-YnXI54rGw,Diana
GrSixRnGIxNUJ1Cn5DNX9A,Ryan
wv7jOZVvROhMwCbQmw_lEA,Belinda
SNyNjS2Dw77cRmRaD1muAQ,Mike
6ZqkGoTIHGxscM7RKLwzZg,Chris
Zn2II_6BTKKX6jwBUdRzsw,Michelle
XxA5k_iyzf9HdvPMp_J27w,Becca
t9o4_YaRFetTq9UIHlC81A,Rick
d59XiQMzRTfZN-k8eKF-AQ,David
VLFCDSKyg2r6rPrOd1cxCg,Yuki
v6rqGtOtJAiXIoG3AORlKA,Rachael
zvEEX84Z0I-rRwlqtJf7_Q,Robert
Zq5TS-d9z3wNkeJ4qedDpA,Ian
ZIcb9cCwcV4My87A-tPM7Q,Nikki Jo
QkX8gUVmgH7fwdMTUpA2VQ,Bernadette
vYExs_Uft6HSvHTP8tGFWQ,Marilou
vLFk6nslFe35NKvlU2Tz9Q,Tunaidi
cXhs6BawP6L_V59zKb9dOw,Jake
ZQpWlWDuPnEqJHMvKOnI6A,Matto
TCROMRS9DUEqtdu33S8ivg,Danielle
QJPOP71pcBwdT2tD7CNrzg,Linda
k99peyg_Sr76tw1F6ZKB5Q,boots
ReS-36xiD_B_TxhY9cwVTw,Ryan
MbSZBJgHg9StyD239DMz5A,Michele
kl0zgp60RM09pySxA5NubA,Roy
MypGsrR2zCOlxyIfxWh43Q,Dave
Bz2igotNP00BeYeo32KaSw,Tim
k5p3YP1ZjCa8ZS3xqXgBug,Clint
GRdmol7ZepKJWJdHrALDXA,Pgm
CBMMaL914v1n08N34yX8UA,Steven
DpbbbYuSZAWKR34nUF4rAw,Alice
4dKM5G_-NLqi43T4oGwNSw,D.
VVd1JAwN0fdEEADU4cXJag,Kenny
_-IoPDJhQGB7DrW8ST_3bg,Peter
QQh830EkB2WZeAFxUMxtbg,Chris
RNJXqDHE7fhD1KK8CdIJPA,Navin
jilf8PvlPUztc90PazaTFQ,Wayne
l9Zawl4rFmHk4cyXhVfW9w,Colleen
EENe59mZsIqNrqpqMHm4dA,Kelley
HmtYdtVnTSdeR1UlM_gH8g,Doug
j1UagK_zBh0O5ITmcQFsvQ,Eloise
4MdpGJbVCMMgqEup5_Ya2w,Edward
uECyGvENI1gnzYL_OLrP5g,Alex
NhtTzeN16h1NnslMT2qgNA,Mike
vn59fVxX_KPOb032VKf8Eg,dane
t8zvevBAiCGhH0A4Z7fa4Q,Silvana
k-grHXMUMhcT6MgIXvbKHA,A
VaQ9THOT-ofI4F5FMghxnw,Ryan
Xv9-n7dpZj24Wgm12qQXyA,Gastrognome
hxyxJ-Ul2Z3nVQ_ZdTE5Eg,Scott
780BGzYz47V3bZKb98CFJQ,Mig
37YgwzuH7F8P5SXaqLgv-A,Elaine
kbYWkjZPNmyKQUA0bQlp9g,Becca
Q3PTm7I9xAru4kd2mljM0Q,Rina
JGZjBNFuEmpRFQKZw0Oj4w,Amy
WRVrxPlDOCFsKmzhjdGqxg,Anthony
eSLH2TYj-6WIDvAky37TwQ,Kerry
Sr-wB9G8KflQjbAS8Q3HQg,Melissa
ekoVSfjEZh0rqxewt4bF_g,Kevin
lFNcl5wut8oocYIvLbu94A,Karen
r8xfTpifZ7gP5Cd5CSQaIQ,Elizabeth
OzUrhOyz1tn8C2Yb_1lCog,Michelle
VgKTlA45eSxj-Tv1-sV9Qw,Mike
sgkRdA1a1Vymdp83Qbikig,Sherry
wYVRUVq5tZHrG0BZWrvK_A,Pamela
MWt24-6bfv_OHLKhwMQ0Tw,AMber
UzUl6W5IgnX0qFXcbOt9iQ,Zehr
frBna4YksP0vgb4XwDlAwA,John
l81ILmOhky5bG7o4r3rkhQ,Erik
c6OMFZv66T0NgrzeC1m_-Q,Lindsay
pSHvBOd8AogmoAZNFaGAAQ,Len
s6tq1sNCXLqYWxy9OR0CHQ,Stephanie
xW9PjH4gVH-m6M3JihDR5A,Barbie
D5mlAUZMCQ8yc0PxOgGpsQ,Shokouh
vsXP832M0kOxKpfduD7dWw,Christina
L6MqvvpEv38CCLyccMdU3A,Meagan
67Bu74cVDfGU99w5cULk5w,Luthien
IQ1c8M9eAaa1lLzEoO9OYQ,Nitza
RFxGMdmY1QusSsLPCVY6Vg,Bridget
S4yKrp_O05h7vey5xEyn7w,Monica
tdNV2Wb0LrFpm1Yfov_Klw,Deb
uV8hVTLUUDb5PM2uGUSHVA,Liz
jx104chvz7NbkVytXldUGg,Robyn
p1Zp5j6aN7oVUioszJVPvA,Jackie
0q-mOTd9VM2-rWL0GVY5lg,Michele
zAHBEyS2VnwKjs_Y3viw0w,Roger
d_2huUcM3ie0Zt-0tybnhg,Michael
uHp4VamhH9fQPwapAkRKmg,Sam
10EEDjblQz1TAX5TFbUP-Q,Trish
dDiW-jae4sAeEtqyLz-FWw,Matt
NvTW_ksmUbyza30J96tspQ,Kuzzik
9vYR6tMCsP4zaWcVnniX1Q,Debra
5MhZD_0wc1ALyX5xf_c4TA,Daniel
5spNRq6OtACLwnDskFh87w,Nelle
g_skwewNHS-Egw5dMD5tsg,Steve
sUxg8dQrev2roBQchN-qLg,Bob
wh038TA7Ck4EsKWKN4AApg,Rodel
fohZfHJET56S-cXAgPWnAA,Manchu
TZGM7ukWzgLkxOBzBTZIOQ,Ali
RHYWijtvO7_Ejr-cib_f-g,K
zORvTbr-58LaY2JD9EujSw,Donnell
fDyt7FyHlFaEpeb1iLEzWg,Michael
cH1lLTHReO6uDTif9bfOBA,Akiko
K0YMZcrmKRPEQtvkxIebzA,Lisa
0im6WIvEj7MWfJSLCuZYaQ,Jerod
8dbRf1UsWp2ktXHZ6Zv06w,Monica
WXi3Ulga_migZyvAUZdNCQ,Melissa
ndTSxAa_Guy7Oz_tg3VmQA,Leonel
aFh79e55bjxj5XD5vkob8Q,Matthew
BsomGOcCt7hNtXtRRVKOYA,Jeff
YuuzQtcqBpuOzi8ZJqfzTg,Ashley
mt8R_NRJS8--aFb1hhg6hw,Teresa
0lI8qTpM0qHqsrtb2fFMPQ,Mary
P18YQxMOWJIzRgmekS3WKg,Tiffany
j3DmFPyisJPtJoFdzAkm9g,Prince
RknsoxpICgtuuv46uaTpyw,Brandon
BrFKjCz9Ka6Lxu_wPWEPVA,Anthony
HztfDTPa_aRrFDEtPhrDNw,Michelle
hCEyBdsPzT5REJij5OC3GA,Manuela
bSPUfe7iHZgL2X6nZIWKIg,Barry
t4tF0OJ64ZRf9kqkaWFbxw,Ricardo
aw8KqLgBSC7OHyz7op6Drg,Jocy
OsY1YrGNqi9fdIHTHfDNYQ,Deb
Rb6OHMPGbrFMsZEoC5zNCw,Phillip
d5Xw-8S14h3SwfnguezJcQ,Scott
ZA4IiLKtp9-bB7D_qz50gA,JT
hcnHQ3NSgtASSAJHrD4ZxQ,David
C1cv0JYSBCJ-Qw4zX6ZUoA,Gianna
nGvolzdWXhC-U8U0ZLydWQ,Janet
i7FaVDhnOZuirYmvhJDNBw,Conway
oIV2DzRwnxOhgnsoUNvICQ,Matt
AAkxKmDgv-EZmWfIVRmT9g,Keith
B7PPzi76oZxnkRKpRl51hA,Tim
zDG33qxhoLMdlBJveqVZvA,Ric
t88aVZkDRQ8IH79-j_UL4A,Monica
s6aZyQTXX4EzQW_Sacx2AA,Rodney
BHc_rr4eq3xvvek2i-vIsA,Eamon
r1w3j6tIDO9KHFuzw9dSEg,Dan
b927p9pWxM9EYoNr_6PxYQ,Andrew
TVJP9jSapI_jVHJ89mmijA,Kristin
RmLt3OFff5tMEeScgTr8Qw,Nic
o0kjjSVNHgQOAQ9yn94LwA,Beth
Fh7rZq_TlF5k1g1ycDuq-w,Victoria
SMu2Qxy3yN8LXod_s366HA,Jeff
Rc2aLv4y07HNSJ1Ce0myLA,Peggy
ZiWlyvtqSj5R1PIyRiTW1Q,Lois
ZbWP0L2Ni_icKOJboC4SbA,James
swCmjyIYrUjvSFY8Z2nK4A,Jeff
HnpYLac2SjwXGEPc5W0oqA,pamela
7C0KbRibL7JzU5XgnSBNPg,dreina
CRaWctg15EAtjVCFt5-hZQ,Art
ZW8jy6ehrNzn9A5iCubVGg,Abby
nRHcJ0Ey1Ch6CXT4s99V2A,Angela
n1fuSDbWqiSG3_JEuRhDog,Tim
Cp-PV8rsypbO-xBrQ6KmQg,Max
HGWIasjq8h6GGNPRXhn3cw,ric
ZpQZW2vWoK5aN0yHQ-MUcw,Michelle
XZsha8AJ797tRnn4lswWwA,Alex
m2uaBX3VmZZSc3NyD1qyoQ,Ann
8k6WsUSqai2oAgjtRf3xyQ,Alex
TC6B1SFoAhSI5lYVBvxm_w,Richard
65Bb2FZJZb3hByOr2j4-XQ,Rob
o7As-ZENb6bnIVuiCGnLyg,Ryan
uTSt459ZUFQ11Q9fu37jvw,John
Yz5sgWyDo8EmWQThEUPQXA,Scott
kG0XNpPjIihErYXINk7OYA,Mary
fsglcupQxhy0wkvYNGAQ5w,Aaron
5IsoD4mVt7ZGOoLWZdsqjA,Joshua
6oSZ5OKz4tjZ4mHCsULo0Q,Jordan
JrSuPtyDMpJY7NV72utiKQ,Taylor
OlcZTrqiRG2Oub5BhlAU2g,Justin
zq2ah7_pMGCn3bwBpwjBfA,Peter
29qRAO5Edn0YtuizLWZR4g,Marina
zZlHqWiCrCj0WKSNI1Nxlw,Brittany
XSPwUdlUZtuTAzDx83bf7w,Melissa
YslVzCJPQoeOwqnYduJlyQ,Claire
BdbF2YxAyHaq33iM63vhhg,Graeme
2bAbL28lhrnyOlYiZ8yMdg,Beau
J-EIlmwvoqCluvxWKXhtpw,Oscar
mEMun-MSV-Rke3oB8qD_Cw,Jeffrey
Zwtx7FLZcK5F2P0-Tz8mHg,Toni
B4JqOYmQHnffRn5JUVpCNQ,CJ
kPavbjvtiPjdo9WY2o4XJA,Amy
N5m7U41nXQ3__TWb5T9wyg,Jorge
4Qaaltxd_OeTDrykeMDaHA,Whitney
FKMHIw_H3hHgZI4hcaYKUQ,B
2oIE_yBwssbCpC2WRBGhDw,Rachel
xjUl2_5asrSfeixt7Q9nyw,Autumn
IzPjuu7gXoIIPVksnNUhiQ,Eliza
qNBXPH_m3tSeSs_JbOyW3Q,Anthony
c_XZwsOmiy4tc0Mmk_F2xw,Cassandra
1P6Eye84h_Xm71nfoGhpdA,Rachel
CFukCdl_RG-rnM_2RGSFSw,Christopher
UDxLd2ulMirdteiggnd0NA,Bobby
f5vgLcoKpFcTvD4lOUxcTQ,EJay
l5oCmaUUAJxHd567rhXWJA,Bruce
mXd37J3WOaWZ7GSW52rbQg,Jessie
FN7Oi6GuTMsBDuM_n-O6wA,Nicole
nAEvlYP6FUpXlSuTF2L0oA,Lisa
wwGaXVRjMCXh_hj0snUQfg,Nandan
zNvGIj1LefuBnBwCuqAGjg,Beth
oY0IA4VozKAu7DD_E_VTvQ,Erika
OwVB3YzcYeTRV09tpNDBSA,MICHAEL
Q3qIcVKyG9uVJNJLxZFDbg,Jared
00U5JRfM2I2XOJwIjN5SZQ,Matt
S6-_91Le58Q_ZbytMzAd6Q,I
Ffa864LL90s6oxImKPI7pw,Tawnie
sC3BmovA2vr1SYvRrt7fhw,J
AMaiA4EVbEQ4tm1FsYPdbg,Ilene
AiuxEpAxjPN7ciIrNupyWA,McKenzie
3w-JiPus8k-BR5PQ7egDvQ,Mike
_BA4YyEN7t5VQpPy1ZHn_g,Jose
ceKoQX0_IJZ6Lr9-9LGcbA,Todd
1T_vfg4Bh5h1S2fLYmwxyg,Erica
sX5b038PWYpvWW94wF1uJA,Erin
XcGIKKHriI9DhI57JYGCKQ,Jeff
B5ZyU6niKhMamDPI_YIY1A,Jessica
R93DThDaGwsSJ4AWtPoM0A,Duy
OqROyeTW56bYSNqQwBdHMA,Amy
7cR92zkDv4W3kqzii6axvg,Vern
0JoHnImQc_SZajxKvi2Zgg,Bill
KzCpPryJw-7_Jr5ufrF8KA,Walter
Xz_aQDlbk1i_DMdZES-FEg,Katherine
8QAt1cexGweXw16eBLRVlg,Suzette
AYGHNy8gPxl2Q-etTT3hZw,Anthony
2_srDDQM-Neby9fvz8oV1Q,John
zaZ1rXDCZklXoPSZq2jdrg,Thao
WOYsl5ycx2i5dITjjq4XMQ,Angela
SpF_zjEkQPWp_Quj3YjdNA,Kei
lHHwLi_YZuDSfdlSShFkug,Nelson
Ov0aEN7LxyFsqehzpX1q6g,Vinson
xa2SOp3G9VIUMx9cdFUlHA,K
qgV-4rAPf_YIFsI75n1vRQ,Jason
k_sY1_dt3qYtiKj6SOYTuw,Mala
wQEsPk6DUHCc19mzVoLj-g,Phyllis
nQUhMgPvms6s3Kx_UeJdhw,Frankie
DA3aYmQqiQrOg08YhKoI1g,Scott
f3r3W8YPUcgRB41J8JE5EA,Lydia
Za2VIkbQ4uMUOCcaO61y1A,Deena
ZmCfwDMuYkhpyr-hWKgiaw,Steve
MNMrTntpse4tow7CgnW6cw,Teresa
QiWiUhCY-D4FxOL2CttCXA,Larry
8-Dk1C2gO6tnLtmKVwDuzg,Steve
YJQkhZq1p7M3GCLmByAJsA,Morgan
E2mIGd_i8HABU88FJYUXzg,Rick
G59ukCWuWt40Jd_I_AILFg,Gabby
n5dE-ahyqqSXDrUcNJ21Aw,jonathan
ZwhZFhoGxU7R55GkLRXcKQ,Brian
k1coIN6KCohR0lc2LxWv0A,Vincent
knZduWPnQA0kQ9Rrq4lUhg,Rachel
KA-GVrDP0huPS7zs5tmS1Q,stephanie
vNFxfUDTPgZRgV3EHnkmJg,H
ovqLzzALjTUgEtoailSIUw,Mark
vYHKu4iEnbsnoXZ-IgaWSQ,Jameson
0ouMuScWJ3GuNtWEmmsziw,Kate
Lr52Hn6qgw9Pn8jumDmniw,Soy
slJrbI92rtg04ybQmOiEcQ,Brian
nqAAd2pABEaoCvwPBBRQOA,Shannon
usDKhpppGsKqDgGQnv_TVg,karina
k8E5TApmvkdgVS5-yx8YSg,Jennifer
B_Ck-ZfFjxkl79LVgva4Dg,Kate
bGe1j0Py2E58cIrbHUFx2Q,Vanilla
Bdmk6RQUP0sbXA_V9WiI3Q,Troy
8WQubmP7G0NM3IyzyMnCEA,Helen
1VthqrbEhYxl4CO1Vucdrg,CJ
hjlM-v2giM5F4M3DHL6ORg,Dana
ZHg9Nbz-fm1kiRd4jZjfBw,Randall
ybKb2vx-ZfnqjDi5tt3hAA,Wendell
jinrFHkvArhqrgiXOoD14Q,Phillip
9RvKQzVKF27eX5rp9RU7qg,Michelle
J_9t5Ha4e2phiCYb8FQW0A,Bradley
fYQZLU3YihYXAwbUmI2_gw,frank
p4Py2oex-4wEgUOMk5qyIw,Lindsay
xtj_4U6CdlIfmgcLGai2kg,JODY
_Ico-McnANpys4AMScbkbQ,Bob
TWf1hVrosPKBgFHkoujoXQ,Tiffany
BuppoNg8ik7Q8Vzp7K5MZw,Amy
7knTjXA1lNJw7AMIIJi4YQ,Rahul
uLl--7BS9Cj6qOY2IqoyiA,Rickey Lynn
0UpRKjUyuxG8ZtFs7uVilg,Holly
T1dNvcL68atRSJKrcBoUhg,Karen
thhcSlLTIPmYaqqF3h5gtg,David
Li7dzq5fj98GMK1KIzhbdg,Jordan
hTYXeRD6IZoSb2aYoeEOIg,jon
SsAxrkolNvRwsJxCSEU_iA,Chantelle
P1qwZrslRv9KS9vPJNXe4g,Patrick
d08o3zehsvO5-7-LpFfBbA,Gus
gMRsg7yYcIHYpJ94nhA7Eg,Fancy
GmOqchMPuasI1VxroX9dow,Shannon
0biMLw2xDuS5vapftFr_cA,Brett
kdL6ldI-ZqHapKrMw2CEFw,Tara
uLEhrI2FKSB4YrfpU56QSw,Adam
2Ciy4qaeag8qhM8Bj837ew,Francisco
SwdYkdT4R3EpllJnWh-_0w,Warren
lve7u-IYrhUsZ56iwrGubw,Annette
SFuxgTZL8SEd-hKddo0upg,Robert
XVa0c9vRTnL3z-uvd3idvA,Chad
OeF4ktJqY5Qf_gf494uE_g,Patrick
z8lGpP-V4H1X3hmoVTo46Q,Kyle
QeYBDEzoi1oiYj0X-W_k3Q,Erin
vG5m7L7PE4t7j_jErACcTQ,Tom
xGDiDRvlh_KbGrFNvpZjQg,Danny
3-nQdazv-LnPHVgHPdESfQ,Evelyn
uLPW630nrDeWCdRrLi3Dlg,Rob
iloQ5CPfa39MPxOzhZcKTw,Dan
UxqUq_Gq9XfPXbdzUcVhng,Juan
yoXtg2z5fMOqqP54DEAF4A,Chris
COymrZOfYOKt8Z0UR1mWrw,Dave
1cTPtI3QLsI9uT-fXrSbmQ,Martin
1NFODmg51kKVT0dxxfAU5Q,Edwin
PVnFtM2-vIfB4PQZ0iAmtQ,Brian
Ug7BGKcOSq5sXTss3SV6fg,bev
CCcmolSvh4PQfMiAKr1uGQ,Stephanie
zuBbjT0Kpn4AEJG0RueoNg,Joe
KnLfzcBrLyQsraYzWdfJzg,Tom
P9_mygygjPBWfMJmN59tVg,Sean
IggkcfYd2Q5n89H3ByAQkQ,Cliff
xtm1vPbYXWxSLJmol1so4Q,Judee
DuwTSY4hS03iHS_UuBW3_w,Aaron
qknfEPM1lmVVUc2PHsv_7w,Drackstone
y4ZvNl77ICtFSzoDvzN1Ng,Mariko
fH5WEz_4bMzEmYsqIWejnw,Jen
EVWnjbS4hVbspI0M4YH4Pw,Michael
L6j7KNncXIOrinkUB-rrXA,Hunter
dY4Cx84F8uc8qbQTOB_bpA,Jorge
yRRRBzz2i5RQGC0k2B62cA,nate
h4smd8OhZrXD8DlZAN5DeQ,Nate
87PNSr_LcwofNh8Lg2gXug,Marilyn
C0UY1f2BUUmLdmB3sn5_lw,LJ
6KEgDHb3w7XO0wQs03hXEQ,Ariella
o-RSFqPi2Opz8SnAzaFilw,Lydia
odWNLRj7rRgJr7_U7qYOLw,Tara
PQMowCu7wrX3M7ibr0EGtg,Eddie
adpOja05lfHmWISZ2W6Bzg,Heywood
QDSp_euWcQ3qk2D8yjv7Fw,Francesca
ohRev2g3tvXpV3gBnhC-og,Mike
JnBm-e4wT-wO5fD9IjUwCg,Christian
Lh8woTxntO3pMs9iNYF-5A,L
C3edE64xBOfWC6HJbxRJxQ,dan
nhkorBjYFl0sQ4R2dK2Mag,Elina
rDcM_BM1Dgb6GUm-UkWXqA,LJ
zgPiKp5n3b3Nwc6yv1_0lA,Lesley
0o0VMEJeQY0pAAZ9nxErBA,Anna
_HxOsUTJuvpedEdU_19iKQ,Seth
nYfpquFWxQC342RenTI3rA,Katherine
dBtYV0gEas6GD0ytm-xAsQ,Hanna
7pDYZ_gLrscuu4qQhCWLfg,Robin
d66FhQQZzFDKxklh6t63RA,Jeff
mjvHWa1Uy7ZWTRFY0Qb71Q,Mario
JG_xHofy0x2TEGDlw-6xrg,Puno
Znu5KKqytHfmjbXfQo3f4Q,Jeff
PTY5DM38QqeqbKSyfb9lww,Debbie
lkYA8Lj-WPQnwcX27aPU0A,Teresa
NMuNradOOPhTDDMkTUjxcQ,David
aKjzD5LCkONXzYEMhNg_jQ,Mikey
RNbH_QgrHM_E17j5Wb36Sw,Glenn
o_9aSU47Yv4z_VE1pCFRAA,Stephanie
glsNkeg7IdyI6NOvOhw0eQ,Kathy
Sz1uwnT3pxuEECjEn449BQ,Des
kNjopydrBFBTXPN_6aYA8g,Terry
TfAHBKB2sSlEr0JSD1-B1w,Alex
MP-kuWFYjHnjQUkwZyxJCQ,Mike
wM32gNcp_GtJypM7iZKIcg,Lisa
fzy5CCuLns6n9IUTsdTI8w,Jayme
zbUpiea2aiJSKXjj2zQ5yw,Jared
s6NzP7eFYigahsyv-X9M-Q,Aaron
LBxKOF8quwVGiqUqWiEEaQ,Jeff
RTGG2d7jz1auNq73F2CYEw,Jason
7-OYtnXWsufkAN023n5iOw,Britton
I0dK0GKjtCbHILXWqPKYXQ,Sweet
Ps1Db9zOatoF_76FZNO5CQ,Scott
9cQq__TR-Q7NyN94RQLx3w,Tony
6g4W_Zzm38nGpixRaUchKg,Kristen
mSzOBOFOPZbrw25D8dpllw,T.
MI_ZFuJ55bRnaarjYzkKRg,Grant
nhUPbO5t2xW34bi-FfMW8A,Steph
fev0iI-XDrteD4SYRKjiUw,Glenn
xQJY0AAY4yRaUqWUjD_nLQ,Vicki
O4handkQpY1Dr3FKogr5iw,Justin
U0RTN7sFRUG9M8_Q2eDrrA,Trisha
eRtuJOuHBXoJ3GRlAe_eTw,Timothy
Xk8WOG4_2sayloIV7A7Y8g,Jenn
h8UuALt2zT4FodMBlPQLyg,Vera
TxWodU4VEY7QUktp_eGsGg,shannon
QgldqPs9HmN8LjhgPhTOBg,Rachel
odgYzXz3hLN5UBLVCzJABQ,Bev
YbHL_lmvARxf0rz0WlVQPQ,Nam
MyaAHi32-wXjqZPtEZ81Cw,Chris
_UgwaKf3xgDCq4qrMvW2dQ,Jenna
lQPkBc0G8gd1_9b4uN21OA,Jed
W0CLDIGyZKpJtlmC1YP3NA,Andrew
itWDC1MoquLplv0uIn36xQ,Roxanne
ov_2PW8xiMC1EevMV48zIw,Steve
QqQ4QXqZQwHTGZ8qN0wU1w,Will
mkWUMn5-pK0kYkFi6pAN9Q,Amanda
ST8Yzlk2MqKlcaLqL2djBg,Travis
NJ2oxNTzPTQxwrGRWqUPHw,Therese
6h--YFGV3hDMRSIJmIn9pQ,hsiao
CwrdKoexxndK49mgm61bUg,Giuseppe
DnwIIfzqdk6xqRXmm1pxFQ,Ina
NpukrUJlQj6mVKEaVb8pOg,Scott
Bvh3IHeMzSPnJAe5QlBsSw,Jim
VApXbrcCbbYD4SS2tx3iNQ,V
5u7fUdflpzgskqHw20Ioiw,John
UHp1lTH3YNI_OdeOj5Gprg,Jim
H1MNY3UQrt2G2iKZ51bLBw,Aaron
7vhrdr7OEXyxsLz1QaozMQ,Leslie
JkyvCg99SMdfS6OZv2P3RQ,Beth
GxDuFHzIRpy4C_zPJX5f_w,Tamara
XPTJfl_t4n18_PUM2GSytA,Don
VWMqvLqHyVmqKEJ5iOytug,Mike
yRAeSzEnlv-SugxYM0AV6g,K
tvXM9NGfiQIEAnvkOSQo1w,Mike
5Bq6S8q2HXe2TO29RLCbNg,Troy
wJv-7qPE2Knmy9OZDCpmEA,Chantelle
KLekdmo4FdNnP0huUhzZNw,Debbie
16Ug5CeDmR8bCDUV3pfP8w,Anthony
auVkTXPmA8o3oU8barlBSw,Mindy
TZBaeQSqcoLPkgnyVHY7PA,Philip
TBep3v7jQCYbzgJpG1fkyg,Joseph
xgu7Qm-9gCQF1bJl83XoaA,Tim
2hwv35lbl4lXi5hzdKz3sw,Sarang
KvXzr41jYIc3pZfWGavNGA,Jennifer
4BDuYOhfA8hSXehbyHuRyQ,Seth
HCHB-lpcBFLfhrl-dQlADQ,Michael
knXVwWCFDL30ZroRR4pmdQ,Ashley
JlnKeShIp_CEyH4-uhvzgg,Sam
InjtQWU8uUwGdEfuFZn_iA,Brea
2QiLD5S9n6HruQoJhp5nsA,Caroline
Jq6NYVSbYebnp-mB_5ggWA,Paul
qyNu1DvvcuToGlbmPKgicw,Creole
CzbJawRRpopaWrt6sWpoaw,Erica
-4ld1qpaBNLocSBe85jWnw,Shari
63VxK78CRnXmUgLQ4Jcvlw,Dave
Or8le1HAu9KznSzwNcPlIQ,Danielle
Yoa2y89jR7tAnWRLSDca7Q,Andrew
nWTvbPhOjLKOrm7K5eQHxg,Liz
nP2HH7Qe5UtSsjeEH3NZuQ,Rick
gWlYzFFYvUmyNNr6wg_Aqg,Raven
jHY7W1VxrEtuA0Zd6Mvw0w,Ben
PcjBBY3k4VSbQ8hsmXfTrQ,Trevor
2Iy_mWa7bkdlYzoMUfR6cw,Nick
sK_C69S9cEtLIIvv9OFCsw,Greg
uTigTfhQ_kKXkMXMYz7S7g,Christopher
d_g_O8JekFvETPXjyd4qtg,Monica
zasPYeN65QsE0uJMZWOuhw,Martin
W_QXYA7A0IhMrvbckz7eVg,Bri
O2Z5Fk8pZweltFbG7ug9cA,Tiffany
uuXKEVtGH6eLhZ77E1Bgtw,Stephanie
k6cUu7sSqZzG6jXPXD4Kjw,Veronika
ODmAwk74wipFEfE4gYBrRQ,Stephen
st7A__Vi4_PIH2cxIrs2AQ,Ted
kPXg4Mtw5aAsLyzY7q0ndA,Kedy
1i4Dx_83rJEP8OTriIynkA,Pauline
srl7T-IhARPAXbvOYCjBZg,Tom
1pL-KrRvHcypkMVLd0MNtQ,Jay
7s7nwegsBtaxFMa-eRS1Kg,William
CbYYyBTj-NH6DfnO_NSMaw,Sherry
BGxSbudgPPiW6f7JGhcolA,christine
SqeHqldQ6uROrAA2MeiZ_w,Debbie
rIDg5iFdz1JtUIo5ffLb1A,Billy
l6sCRLPA1pUDT2olBy_64A,Ally
kos4MkM2h0UAdupVDuTziQ,Rhonda
v2UqlUHA8d3lgTIby0CCFQ,Nicki
mtK8UcRJaNsgUXyNMqCoJw,Melissa
kXT3pVtElactR8nFmeLbbg,Harrison
29tFtiHrJ0M0dJR3BM5TfA,Allison
_EttQOzybiNYRVUqNm8gVA,Ed
j701uwoq3sw4nlnw2xh9yQ,Merisa
VPon9k-yAGmeSw3sUfMyvw,Jeff
UxIPL-HrV8oDvP1HhI6MMQ,Ellen
QMhfKbXH0S9zEmUwp0NFLA,Susan
b2DKC4kC8-QeSeGZ_MF3XQ,Art
wgC8MOBhGpzrwvCbTitIcg,Leah
wUEp87FqOB9ew27Iz6zk_w,Mia
4V9Hb-Sya2YQjt5m-BdxbA,Karl
gg_OKjOAl_vVmdh5ZETuiw,Micah
o33IBagNFxdJhIrRTl691Q,Tyler
8VJ54X_BxmrcSt8vl81uhA,Christy
vkWiIY0HfzTWW6kxnhJjQA,Michael
Lo3jzDDc08nj7s4asfx2YQ,Steve
K4UmjxSpiHZohl2MnkBuKw,Cameron
drS3ZN6-zA3sr5WM2fG5tQ,Dana
X9wXPtXASKbqP28CcpM4Ig,Jon
FWWC9jdP6QHFLV20BqlXgA,Noel
XPfvpOEytwKtCxEHxx8Uiw,Leslie
0bDeSrKz07H0omod8ALBEg,Deb
upssaszVG_egJVRKBU5Dzg,Awesome
VPvhZCrCOHFI7eWtqD3xIQ,Daniel
cIIksMjO1J8doQHd-7lKGg,Ryan
g4uw_h8-3HKyZm6jES85eg,Sarah
uHTx8tNMv9zkMfIigr1y8w,Semuteh
1UwAM3kWMuvVLzefxenbuw,Brian
in1F1IAiECG30nyWMv_j6Q,Mike
FbdB9KXyuvT8rC_zmqRSuQ,Sandy
eTMXvgC4WkeRIhCogVFjpQ,Bocce
RtX7wIVK-zEO_oek-FnY8A,Melody
oZuNME_exUMSjrcg6uRFjw,Danyell
kM_78auBbxGizNqXF8gJeA,Paul
frEtELnTATd1BOD6Ndh0CQ,Danine
sCOeWIzAMkGVUvn4ayLeFw,Helen
iFLlGFhHdwLoBw4268lAIg,jason
EUdTyDvIYE2t3tCZE6zaSA,Alana
EJ-UiN1Q2-kUMi7dkkYlyQ,M
lDv5C7emH7z6ClL0pmGZPA,Maricris
pYw_YfmmBNt_JxqcVXCFZA,Jessica
gkuMOImi2FrHGKwvjcxR9A,Hootie
S_S06oA6xGAPr-HC1kLVlQ,Robert
m2T71nxPgzrmXi-cKE3U2w,Bianca
O0vvS6arf6WlUfTOoczcEA,Danielle
gxT6THNS7w9mlguOmkKOKQ,Tabitha
HZgdrTKaYDYamReNllgTaw,Ben
8e6suJLlZjV0wKATAtEzMQ,Donna
x8OpHNV1IgF85_P5lRJGuA,Mark
ZtgihhYR1fy_4CNwTqCUyw,Jimmy
DrWLhrK8WMZf7Jb-Oqc7ww,Brad
8wcX47pBO6ChBJPlnSzB3g,Ray
ti_InjkMYeKoV59bx7d6xA,gary
eTGWywJPL3O6zJIWuObKOw,Ben
Xu8C7nh0q7kl_dH3eJqrqg,Anna
6R3qZ_EbxXoTHwG8Ys3dKA,Anton
bRIk0mT3GU51Zsrn2UpKIg,Debra
hEGY01UJcgX5Pq_71rt8-A,Regina
SfH6ISqsLJI_fke9G9FdEQ,Thomas
Rt_fFxENU07gSLenUqlQ2g,Tina
1CpyQ1VkgmNwA6RxHoq2bA,Jason
F-26_9skZPa5VKCvBwq66w,Ula
7DxQDfrnoQI9nGALyi-LyQ,Emily
W9f0YU0C9JnFBnel2d7pPw,Quincy
t9l2POeWgS-SLEHmyZrs6w,Shawn
Wqk6PQF09cYivMmH8gLK_Q,Mari
KYapl8CrrL4YL4nnkdglbg,Rebecca
kG8jkVFgOAOq6Ht6RvAjEQ,Beth
n4QP8wWEy9i2S8m4Uq1Rpw,Dan
sGQQ_wJoeYq-1Ujrh3mrpw,Paul
SnGudRu-a-g7_qux-d8lKw,Peter
dXWlnBhVSjUVTLRmvuqKfA,Victor
j7AQLSmq64dZNCGhJnRifw,Jennifer
03iPh9XDex8x13J-SyvxVw,Karol
Ey3VjXX9CTwyY-KXysbBUw,Nunzio
qYNq6SVWVubffjDN09P5qg,Sandra
BkZ_wbtezNfqRanp-G8-bQ,Nathan
9VzADASzYG9eJzBPaB9CSg,Mike
DkeetTMZCDItIUbKUSeXJw,Darrell
lfjjR8ZTlUapXXCGgrpj5Q,nikkie
1GGSakh3s4lnE4Lmh8QXnA,J
z-2Ujj9NNtCp09BrNWfxsw,Lulu
aIF_HhvbnLS2TQUY5tnnJA,Adam
eAOsF78HoOp4bcZAYVxtxg,Kimberly
4JpEGstWQUypY-m_v5T6SQ,Andrew
To6VfMpjPuiixoT4uq_mIg,John
JaWg4OeVaR80Vx4SkC5Bxg,Bernardo
dICWroOD9Q-c8kFEGqENdg,Larry
3VKi1Lm98Tg4Jj6VnvEh3Q,Jeff
IF8uS2LWI2r8cGjbmqSemQ,Liz
9TDqZLPsOgWERXii_etbcw,Kelly
pwkI7QUgKJ0VzsDTF4vhXQ,Kim
7fGncdxZo-SVfgpxm_52Cg,Joel
IkC2BKzADqgPlvaac5gRHg,Nita
7W4egS-WyR0hRHMfQtPEOQ,Ann
pvnA8anYlMCDf6dSQqAKQg,Suzanne
HrYiV0YnjT1Cvu7lxQjafw,Abby
i893sQmd_NPfAwPul1UFZA,Courtney
FdqLD_AJSGLK9K17i69aoA,Colin
L1roISif7eFkNHycFTMtIQ,Carla
oNwrKRe0AVXi1x_3RPfvuA,Sassy
D4uQUz2yz2r4Oufd1ZT97Q,Karin
54FJuaMiN8eRhpOczUg4Ag,Santo
BtQVxFotHFK3T2FtIrBWmg,Leticia
rIthLrXq7cL1_ozMgN-BQw,Paul
zxiL5rfZbibjj4CGuMQEKA,Barbie
nS7ojsHCpfLt4Aq0AIdiKA,Becky
uLCJFWn5aDx0R4AEzojsiQ,Scott
4AabbCtls9u6ASNVLM3jOA,Ben
liiYhDAP64C8uLyixBDWdg,Maribeth
HtxNcRQr28JTzXPOf7X_fA,Robert
f5TAZt3fvmDaRBA8hz-PiQ,Jhim
Mmew2rqnwj8FW3qD9wsaQQ,Faith
8p8HZNmrkUBtMx_vmW9dNQ,Dave
lOKDxQs4WDCEE17c2n2HBA,Danielle
hoe7liowwFIoG3DOWNYFtw,Paul
MLNXzph9nlCXGiSuv5G5Yg,Mark
sbe9cnA3DB5jY1K3--uecg,Deanna
_rb_c-Pql0C1OPZVznN2pA,Angela
qW10n0kfwZB4Hr5U2QEwmA,Elizabeth
6gvZwCYqV4eSuMdHNCtKFw,Hitesh
OiMK21ePZtyTsvRzB3sSow,Sean
Eshh2wcI4SHdj9UJ024xyg,Sam
pkHPmnwGoOp6O6g--A7Zyw,Ethan
2SCViG5YGt-VKkX2jsVphw,Brandon
8p4at4zdzCpueAmSBaorZA,Marisa
N8ZwqHEqGSC-6-z0-PHkHw,Jenna
mfLTQFn21A5r8hKd3Gqq9g,Cypher
jgq7G_Hbs1_Sia2kZL7XaA,Melissa
HuGmiFh9v-YxY9FUGx2xHg,katie
UnYgPCcR4SbGnik78FnfYQ,Stephen
wzWkinNxw4trMDo1SSSSfA,Jennifer
sBLRl_6gQ5HkUVQpmjE05g,Jens
wQzKYhyK5H6wNmY2TgycHg,Tiffany
YPrGskgm9mjmwz2l_7hTuQ,Joe
dMNex88xg0EsAda_O7Jphg,Ben
iz2uwOnt2G-40k7j8Rb9fw,Bryce
MU1PTncAVPAxiHpcgXlMeA,Jan
DZ7Ft9uZ3l--24UlenG_DA,Shawn
P-9hHdaK56Z8xm6av3t5cA,Michael
WmldRvl1nKxuKM6weiO6fQ,Michael
FyZrFFfuLaFA6QXbO5UbBg,L
eGAfB-vUSAMp2UFgpDwPjw,laura
kRrlK93yaRcyZna7mmbKFg,mac
AjvafGqFP_1LRFFzV-MFZA,Connie
U601QySlHfEm1L_DwyKcJw,Eddy
IMowPUxVB0zUhoZ_nrM1DA,panida
XKjj6QrxsBeM1CqX-_VFQg,Jess
jF_SMBMnVJGZlxFStZ532w,Jonathan
zrX0FkdD3A0yhxQF4BRSRg,Zoe
f1SoSU6qU05wDjaHSN4DAg,Melissa
6Lbf3KyfJT-XtTwn_ngMog,Stephanie
9DIsEOT05iOWGadGVMGJow,Nilo
IiwvpN45uuSpQg5lpZfrZA,Jen
h9NII30Sc_VYg6LDhmFfDA,Ray
lCvLKpVUcPr9iOtEjXRlNQ,Shawn
dgX04RZOxtoipH9Dwf3MXQ,Augustine
TraalstEUen3lc51xHqpwA,alvinetta
qHYE_F8y0EdjBjhYpmY4Jw,Thao
izdtGz6zgUQTlrPDbq-cNw,Noah
ftZ334GUIzawAo3RCagjOA,Paco
rotKO3R8h23YbiLFaZ-BLg,Dave
lucdMCLYZwtOiRNVrDHK7A,Chris
V1qmCtP5bAat9CSRugNXZA,Jason
5RxpP2Woo7CpOGUmKgDyAw,Emily
obaDwNV7rXBsQ2_HY81Nww,Diego
y0kjuHVdGQhLd-bqQ0gZnA,Lisa
siH7vPHHz1E4Bsx8dfKPcA,Sebastian
n18CAS_rRkQXE94pS75BUQ,Lisa
yX9tgU3-QXFHJYQXuntHow,Anthony
kynZJG8Dis8FVf19kMLK8A,Mary
CuLj9-1BYbK7KkmO2dC7Aw,Michael
V7KQA81CSEiG6mPzpFAUyg,Tony
P6EBeMvWH6R66FptYfxEvA,Rich
mLIMfJRCThNX5o_mAofYYw,Buzz
JjQV8amUVJNIECuT98E-hw,Brandon
va0CpyGqJsF26ZHHn7-dAA,Ric
IJKdg7KSekmIm_6LJsfvUw,Keely
CyEksGN2ZThNwNhIykBiwQ,Marianna
O1zEIpqVlyrx7yQEPfnXpA,Keith
Nt77Zlby0TH1Cw0E6aDVwA,Jennifer
V684qp2yOxHxVHRDIZyGZg,Jerry
eGAXs7KxmcB_PCxpI9FjKg,Sarah
HfuVxROT_bh6_B5VlHp9cw,Shane
KICFDhBX25ruK_iW6gLgTA,Ivonne
6M-PMCsq5Up-bbXCN4gNUA,Jason
UkqgwStgwHQ6aJ_gl1rCdQ,Miranda
Vd1lAHzl7UUr9BawFHjOoA,Mark
q15hfv2bSgK4lc4VIag12Q,Jennifer
aWJ9NAlxYe3X7kthgCtjoA,William
42d2tLnvlksgonof4-7w9Q,Dan
jZWP12U0SgpjCuhL3lGGvw,Anne
sQwgFhirdCt6h_g1rbjHHA,Joey
J-BW6lVIwooPciDQJ5CJHA,Steve
TEeExNACTLkGZzoRYFJqmg,Orana
qyYLvy2zodpdz_HJAJCW-g,John
E2SaT4lWwwRK-woCmAteGw,Heather
lZq-CaPk58whjRxjnLIPQg,Peter
uVFD1HJfRtnUdeDgw9uYLA,Jack
RCjuKSuPezW6qI3ZKgkncA,Erica
LEKQ8zV9yxfPpkmRk-QK5g,Perla
QBiZh0QPjW1KMU8qxWY2cQ,David
Igp3BPu-x7KBiqeMSg-SkQ,Steven
FuuXbzYtUVNod3yjoLrO2w,Christine
wttePGxhTumTTUinL5tlTg,Jason
XqDnGC9q6CNElevz7myndw,Lee
Hh1NevgEpmuFhLBvwAHaDQ,Kian
JL_cervg7k-NB199arXIdQ,Joanna
4QAjPLVCwhTWLWlYifJVxA,Nick
RZwkUvViHYEh5Z65--cVZw,Britney
OtpHvQFGbZ4sONaQAXankg,Michelle
0aQyjVmcytcjkiabuhkIgA,Ashley
CGAHbrmSEHTZU_U7cNggkA,Nancy
QuMyAHpC62CUzPBFZ9ll3A,Golf Girl
mtsr-I6VLTxjGfhHjrxylA,Dustin
dMY8n8bR_6YQW54DcmKwRw,EL
AYgRj5sZQH-ad96pcM0E0Q,Jer
y4JCKsEm0KlwtmHpZhbA4A,Josh
g01_6zRA6mpPqDE-yTnplw,Frank
OQdtwZ6kVgJUZdVq5lbaVA,Brian
4zkzSdIYQPWtiBX2fqORLQ,kieron and anusha
t5VlRz0BRbaZMzODp-56pQ,Chris
sR8KHaUektJ86tOJZS6xvA,jennifer
NAohdbmsThewbeUkMMBohg,Christine
gIIBI2Zw6_Yr8GYRNWvJsw,Lauren
x39049u01oTIeQctpeDKoQ,Tawny
oCMH2oyyzChv-YQQPHwS1Q,Danny
y5tNI2ZOjJWh38dAXTPLrQ,Adam
qEU3htR0TRBDP196T-MZPw,Gaz
2r-IpuVqh6fzhuNGU8-EFw,Aaron
kPn2nq3iudiSvOFmQj-dIg,Fred
0jGPMGP5urtuzBDsq3i02Q,Pamela
_mo4LtybzPjvg-i6meN-tw,Keesha
IF1oemfjhwzXXWSaWDC15w,Peter
aFOdTtQsD_Eku87IrJITBw,Dougie
M7LmCcXKND0ceJhbIMihzw,Brian
cBJqlNzyoJFak3_XRe2bvw,Lauren
8ixBCEcOQMmM24LDUtsqrw,Kevin
bptU7Tp3_GZV4O8KRR8DFQ,Jerrold
y05bv65OCTcZgB0GhO8_sA,Carol
9XU8JHTwN2qlDXhKw3mJaA,Joe
X-8Y1lIzM6acMxkp5Tnihg,Nicole
zuz5H4fysrz7DEph0tsE-Q,Johann
LHQjeNMaCD6pIcMshr0zxw,Michael
qfbcXPC4CgJq5WPVbq58aw,Rei
a_raVbErFAEx848zV-pgkQ,Nate
SE2YkmC-u1Ibk6Oy6wFIdQ,Jim
_Sotj_8dc06_RQdBAJoNlQ,Chris
zTWH9b_ItSdLOK9ypeFOIw,Teri
2Iq_-vHSKWwlDyWpAEY1Hw,Matthew
sMBdzt8FE_oaqIzYRAwWZw,Mel
WwtPIz6yNEY2LAo0jfvHxw,Eric
iRRwoWWkZ2o3FaI7i6tcwQ,Dan
gIFjyTOVfdYhEufa_oLSGw,Zlatko
vlxa9Yr4omxf-i4LJqojEQ,Dawn
R7ODcLGMYEsuUUMy3WOrnQ,Annie
dILgr_yQa0ejTqQt5v8Z8g,Rob
pJLV9P7rQiDg5aOvYsV2xA,Tony
OzbDvzLS7FP42GV4QPTUGA,Jay
1fujZVn5be9EooASzMkdng,Ramze
C97nBTuZbyh4t1HTmk59EQ,Michael
V80GMVxOodncfnloTVxXyg,Clifford
B0eVsimo8koa4HmS80XzQA,Justin
Aaafbip-U2aeTXbvinBLiA,Michele
zMVrC-5PN-5JbnpYRDQ--Q,N
Pt-5NPLurRVdWlSRi1mEJA,Stan
gBoMkFuGtVBUpJqtRL3qAw,Lisa
MaHNq7HqBbz5HlEJoI82sQ,Kristin
WWSeKf_YAEPGchrIAFeoow,Lo
_fQ1ctSTsxN4PRhahwbbBw,Curt
V3JTVZR8orDlmfwCZG1WHg,A
P-iUA4lglQGpYrft8viQ2Q,Chelsea
UiGlzjgdYPwrkumRJPMeeQ,Gerry
y6TszIl9rQiO9vWUUJJJZQ,Tom
pvWLG_VKsPd6cCPEuC2oHg,Liza
tw3PFgey15p0ruFRVoFidw,Kali
Odoe2LqAPrV0TjdXxkP7Mg,Annie
nQ8qJ6ICMPgrmFKQYQn9Yg,Nan
w_hcSjqLeSZQL9Rx1UP-Tw,Fred
xjQQSw_QIAG8Jm3nx1YGDg,Vanessa
D3kBC-5fPND_rnKIidrvLA,jennie
5Ko4zhdZbeP6fLkAVl-rCA,Dave
i1KQXj_sBAHgvhRRZK6azA,Eric
uYeahBq9KmZoD5wyrMpdOA,Wing
aDaU07gLVqv1engAuSSZhQ,Marc
2KgMrBmHxfVSsnI6_-zXpg,Ryan
Je298Y-ZEWc1O-Zv6bMHCg,Jason David
FzwBXDBoi9iX-SdwcbYwag,Corey
Lr0orYnGxAotm_AjxilHQw,Diego
3ZnCGqeaJP5VDXnx_roIXQ,Bad
byfFWXkFFA48qeHYdI5icQ,Erik
5F8JCF7I-0kfFzTfVtSdVA,Kelly
yQWp3BodcQwATwO_3BK3Dg,Jacob
6fBJDqb02NV1KzawPbxw_A,S
wtPtXZ827u1PIQM4x7ssXg,Courtney
Wy7f9DOuBEOenhnA7KIKoQ,Sheila
ZhKek0PW8HoW94C3bet6Ww,Gunter
moCIEKGGSAJhfK2NWB022w,Douglas
l5hBFsvUjuAWRenMTKvIQw,Fo
L0OrG-U45IWF6EZtm2dv8A,Geoff
o2CGc1kQHEFkYOECM3NFdg,Stephanie
iPJu-bcTBfPj55ZtrjuGBA,Donnie
Y_nk4KhoHlkd1WRKCfIhuA,craig
OfyhmIrvK9_6jaeFMVdx0A,Andy
NYVQqcdgXWTyi734LVrcoQ,Carla
ZuKkAgra4TbKGNURrkFnpQ,Sam
fA74kmmhyMrQUT3-Ob5TTQ,vinny
m7LcZ5Zy4JDXFlAfh3MpVg,Schmooze
LcIrW2B2rNW9JSISoGhguA,Marshall
y28fpsDQuciRibjGreUoBA,Katie
4OgI2vFREMSJjHIKtCM5Jg,Lisa
Hy9XpAJWE_RrikpF5aQH2g,Ash
5dJFZR1HitNN35HDSH7FLg,Jason
W769leHuV8lNaLJhbw6MyA,Paul
kASDrzMXITaZdYoLRekVFw,Kristy
jdeNI5TTTuM6mj3HTgstRA,Taric
hij2KhcXWjopg-Aiw8czGg,Erick
zxwTyJ0f90AjryiG8wbSUg,Maera
SRMKX0-l_3ufBg1cA76E2Q,Matthew
sEWeeq41k4ohBz4jS_iGRw,Matthew
FWRRGpIFnjE8Na7EvREpRA,Lola
d6uqzwRGnT4a0_kC_7cZ2A,Alberto
duTeTiNX__zYcznMX5CgMw,O
aIAjAU-6NH583EkQ6E9KRw,George
mIGJ761YC06_haLeQ0rgdQ,Trish
PsXn6tyD6rCzM6kphqikRQ,Katie
RO6bkh2IdzKxA-rISYKFXQ,Austen
AZuSSh8xMwLtoapGa02WZQ,Katy
ID0f8slG5-Ch9TlFDrFK1Q,Eli
6xrk6A61OWwOtmQAErZTvA,Steph
W9ZG5q-QIblXYeHgaPS5Uw,Marie
6Qpdu0eWPXqxJNXl5zoVdQ,Matt
5-rANtkvFh9b9nH1upHDDA,Amanda
oz6dfrZU9x2mAa5qdqkxHQ,Mac
OtSZM7mqURWTfBhsNW_6xA,Dean
beI7uHbsgN7Ar5M8N28v1A,C
i-AsT3jXBcu37PccvqdMtg,Steven
9D0GQJRwhEgSB-J4LqUdQw,Roderick
EAJjMgKIjiaVb_2Q9ROeCQ,Rayna
b2XPhXPQ41qWysIK6RTsFw,Monet
XDxUN0fFwbJr4tTQgeLbKQ,Scott
MpLIils3mCGSF5EH53VsRA,Rene
kZ11FAE4NGbddxOOPeRL5g,Dana
RYfVy1hK779z-_Ht3XxeMw,Bernard
VHKw1pMPA3VgwXDehmwyQw,Glen
dIhjeb1dn2bTY9sBXPVjVA,Samantha
t7Q29WBtZOY7kqDMKKWmhQ,David
l-nL0U3lvrjbPStHoLog8g,James
